{"v":"5.8.1","fr":30,"ip":0,"op":150,"w":800,"h":600,"nm":"Comp 1","ddd":0,"assets":[],"fonts":{"list":[{"origin":0,"fPath":"","fClass":"","fFamily":"Chocolate Bar Demo","fWeight":"","fStyle":"Regular","fName":"ChocolateBarDemo","ascent":68.9453125}]},"layers":[{"ddd":0,"ind":1,"ty":5,"nm":"tasty","sr":1,"ks":{"o":{"a":0,"k":100,"ix":11},"r":{"a":0,"k":0,"ix":10},"p":{"a":0,"k":[396,251.5,0],"ix":2,"l":2},"a":{"a":0,"k":[0,0,0],"ix":1,"l":2},"s":{"a":0,"k":[100,100,100],"ix":6,"l":2}},"ao":0,"hasMask":true,"masksProperties":[{"inv":false,"mode":"a","pt":{"a":0,"k":{"i":[[0,0],[0,0],[0,0],[0,0]],"o":[[0,0],[0,0],[0,0],[0,0]],"v":[[190,-39.5],[-186,-39.5],[-186,68.5],[190,68.5]],"c":true},"ix":1},"o":{"a":0,"k":100,"ix":3},"x":{"a":0,"k":0,"ix":4},"nm":"Mask 1"}],"t":{"d":{"k":[{"s":{"sz":[294,77],"ps":[-156,-41.5],"s":104,"f":"ChocolateBarDemo","t":"tasty","ca":0,"j":2,"tr":0,"lh":124.800003051758,"ls":0,"fc":[0.98,0.365,0.196]},"t":0}]},"p":{},"m":{"g":1,"a":{"a":0,"k":[0,0],"ix":2}},"a":[{"nm":"Animator 1","s":{"t":0,"xe":{"a":0,"k":0,"ix":7},"ne":{"a":0,"k":0,"ix":8},"a":{"a":0,"k":100,"ix":4},"b":1,"rn":0,"sh":1,"sm":{"a":0,"k":100,"ix":6},"s":{"a":1,"k":[{"i":{"x":[0.833],"y":[0.833]},"o":{"x":[0.167],"y":[0.167]},"t":5.88,"s":[0]},{"t":26.1083984375,"s":[100]}],"ix":1},"r":1},"a":{"p":{"a":0,"k":[0,118,0],"ix":2},"r":{"a":1,"k":[{"i":{"x":[0.833],"y":[0.833]},"o":{"x":[0.167],"y":[0.167]},"t":5.88,"s":[-35]},{"i":{"x":[0.833],"y":[0.833]},"o":{"x":[0.167],"y":[0.167]},"t":26.108,"s":[31]},{"t":28.7470703125,"s":[0]}],"ix":8},"t":{"a":0,"k":0,"ix":89}}}]},"ip":-4,"op":156,"st":6,"bm":0},{"ddd":0,"ind":2,"ty":4,"nm":"Layer 6/tasty logo Outlines","sr":1,"ks":{"o":{"a":0,"k":100,"ix":11},"r":{"a":0,"k":0,"ix":10},"p":{"a":0,"k":[400,300,0],"ix":2,"l":2},"a":{"a":0,"k":[162,46.5,0],"ix":1,"l":2},"s":{"a":0,"k":[100,100,100],"ix":6,"l":2}},"ao":0,"shapes":[{"ty":"gr","it":[{"ind":0,"ty":"sh","ix":1,"ks":{"a":0,"k":{"i":[[0,0],[3.89,10.467],[4.336,1.267],[-5.194,-12.579]],"o":[[2.237,-4.058],[-4.222,-11.364],[2.487,0.097],[6.379,15.45]],"v":[[-0.668,21.215],[2.783,-3.891],[-17.983,-20.72],[11.604,-8.636]],"c":true},"ix":2},"nm":"Path 1","mn":"ADBE Vector Shape - Group","hd":false},{"ty":"fl","c":{"a":0,"k":[0.980000035903,0.365000017952,0.195999998205,1],"ix":4},"o":{"a":0,"k":100,"ix":5},"r":1,"bm":0,"nm":"Fill 1","mn":"ADBE Vector Graphic - Fill","hd":false},{"ty":"tr","p":{"a":0,"k":[305.655,21.465],"ix":2},"a":{"a":0,"k":[0,0],"ix":1},"s":{"a":0,"k":[100,100],"ix":3},"r":{"a":0,"k":0,"ix":6},"o":{"a":0,"k":100,"ix":7},"sk":{"a":0,"k":0,"ix":4},"sa":{"a":0,"k":0,"ix":5},"nm":"Transform"}],"nm":"Group 1","np":2,"cix":2,"bm":0,"ix":1,"mn":"ADBE Vector Group","hd":false},{"ty":"gr","it":[{"ind":0,"ty":"sh","ix":1,"ks":{"a":0,"k":{"i":[[0,0],[-73.276,-1.475],[-18.553,12.981],[89.364,0]],"o":[[19.022,13.32],[79.551,1.6],[-6.821,8.331],[-109.755,0]],"v":[[-148.953,-35.279],[-5.226,11.76],[148.953,-35.279],[0,35.279]],"c":true},"ix":2},"nm":"Path 1","mn":"ADBE Vector Shape - Group","hd":false},{"ty":"fl","c":{"a":0,"k":[0.980000035903,0.365000017952,0.195999998205,1],"ix":4},"o":{"a":0,"k":100,"ix":5},"r":1,"bm":0,"nm":"Fill 1","mn":"ADBE Vector Graphic - Fill","hd":false},{"ty":"tr","p":{"a":0,"k":[149.203,56.741],"ix":2},"a":{"a":0,"k":[0,0],"ix":1},"s":{"a":0,"k":[100,100],"ix":3},"r":{"a":0,"k":0,"ix":6},"o":{"a":0,"k":100,"ix":7},"sk":{"a":0,"k":0,"ix":4},"sa":{"a":0,"k":0,"ix":5},"nm":"Transform"}],"nm":"Group 2","np":2,"cix":2,"bm":0,"ix":2,"mn":"ADBE Vector Group","hd":false}],"ip":-9,"op":174,"st":24,"bm":0},{"ddd":0,"ind":3,"ty":4,"nm":"Layer 5/tasty logo Outlines","sr":1,"ks":{"o":{"a":0,"k":100,"ix":11},"r":{"a":1,"k":[{"i":{"x":[0.56],"y":[0.22]},"o":{"x":[1],"y":[0]},"t":5,"s":[-106]},{"i":{"x":[0.833],"y":[0.833]},"o":{"x":[0.167],"y":[0.167]},"t":62.169,"s":[25]},{"t":68.3251953125,"s":[0]}],"ix":10},"p":{"a":0,"k":[380,247,0],"ix":2,"l":2},"a":{"a":0,"k":[156,-69.5,0],"ix":1,"l":2},"s":{"a":0,"k":[100,100,100],"ix":6,"l":2}},"ao":0,"shapes":[{"ty":"gr","it":[{"ind":0,"ty":"sh","ix":1,"ks":{"a":1,"k":[{"i":{"x":0.833,"y":1},"o":{"x":0.167,"y":0.189},"t":24.35,"s":[{"i":[[0,0],[-6.061,-11.361],[0.735,1.534],[4.61,4.373],[-3.496,-6.511],[-0.144,-3.843],[2.247,2.557],[0,0]],"o":[[-0.683,23.482],[2.912,5.459],[-2.599,-5.427],[-5.866,-5.565],[1.909,3.556],[0.264,0.742],[-2.625,-2.987],[0,0]],"v":[[0.42,-73.186],[13.787,-24.48],[13.726,-33.209],[9.486,-45.887],[7.863,-43.361],[11.697,-30.946],[6.34,-40.635],[5.323,-65.575]],"c":true}]},{"i":{"x":0.833,"y":0.811},"o":{"x":0.73,"y":0},"t":41.061,"s":[{"i":[[0,0],[-65.486,13.802],[0.422,41.499],[4.61,4.373],[4.847,-5.579],[3.077,-2.307],[-10.297,14.489],[0,0]],"o":[[-43.927,33.708],[72.822,-15.348],[-0.053,-5.226],[-5.866,-5.565],[-6.886,7.926],[-2.584,1.939],[9.962,-14.017],[0,0]],"v":[[3.896,-84.045],[3.89,54.476],[23.189,-34.39],[15.437,-56.138],[0.596,-39.333],[-7.707,-10.893],[-4.407,-42.156],[13.368,-78.765]],"c":true}]},{"i":{"x":0.833,"y":0.811},"o":{"x":0.167,"y":0.189},"t":43.699,"s":[{"i":[[0,0],[-65.486,13.802],[0.422,41.499],[4.634,4.345],[4.809,-5.608],[3.077,-2.307],[-10.297,14.489],[0,0]],"o":[[-45.415,32.607],[72.822,-15.348],[-0.053,-5.226],[-6.096,-5.679],[-6.803,7.922],[-2.584,1.939],[9.962,-14.017],[0,0]],"v":[[5.52,-85.885],[3.89,54.476],[23.819,-43.792],[17.182,-65.848],[0.596,-39.333],[-7.707,-10.893],[-4.398,-42.472],[14.966,-80.287]],"c":true}]},{"i":{"x":0.833,"y":0.833},"o":{"x":0.167,"y":0.189},"t":45.458,"s":[{"i":[[0,0],[-65.486,13.802],[0.422,41.499],[4.695,4.273],[4.713,-5.681],[3.077,-2.307],[-10.297,14.489],[0,0]],"o":[[-49.232,29.781],[72.822,-15.348],[-0.053,-5.226],[-6.687,-5.972],[-6.589,7.911],[-2.584,1.939],[9.962,-14.017],[0,0]],"v":[[9.687,-90.609],[3.89,54.476],[30.422,-48.266],[26.646,-71.112],[0.596,-39.333],[-7.707,-10.893],[-4.375,-43.282],[19.068,-84.194]],"c":true}]},{"i":{"x":0.512,"y":0.963},"o":{"x":0.814,"y":0.822},"t":49.855,"s":[{"i":[[0,0],[-65.486,13.802],[0.422,41.499],[5.084,3.812],[4.1,-6.149],[3.077,-2.307],[-10.297,14.489],[0,0]],"o":[[-73.574,11.76],[72.822,-15.348],[-0.053,-5.226],[-10.452,-7.84],[-5.226,7.84],[-2.584,1.939],[9.962,-14.017],[0,0]],"v":[[22.631,-86.943],[3.89,54.476],[28.516,-35.016],[42.987,-62.903],[0.596,-39.333],[-7.707,-10.893],[-4.227,-48.448],[31.591,-75.317]],"c":true}]},{"i":{"x":0.833,"y":0.833},"o":{"x":0.167,"y":0.189},"t":55.133,"s":[{"i":[[0,0],[-107.31,33.291],[0.171,31.641],[5.084,3.812],[4.1,-6.149],[3.077,-2.307],[-10.297,14.489],[0,0]],"o":[[-117.49,17.55],[97.762,-78.268],[-0.022,-5.226],[-10.452,-7.84],[-5.226,7.84],[-2.584,1.939],[9.962,-14.017],[0,0]],"v":[[22.47,-84.581],[42.654,123.408],[19.679,-27.797],[41.439,-63.909],[2.141,-41.329],[-7.707,-10.893],[-3.638,-45.409],[36.005,-75.801]],"c":true}]},{"i":{"x":0.833,"y":0.833},"o":{"x":0.167,"y":0.167},"t":62.169,"s":[{"i":[[0,0],[-64.59,17.522],[0,24.895],[5.084,3.812],[4.1,-6.149],[3.077,-2.307],[-10.297,14.489],[0,0]],"o":[[-73.574,11.76],[56.81,-15.412],[0,-5.226],[-10.452,-7.84],[-5.226,7.84],[-2.584,1.939],[9.962,-14.017],[0,0]],"v":[[-6.675,-52.28],[3.89,54.476],[18.888,-26.267],[29.294,-45.465],[0.596,-39.333],[-7.707,-10.893],[-4.407,-42.156],[8.6,-45.747]],"c":true}]},{"i":{"x":0.833,"y":0.833},"o":{"x":0.167,"y":0.167},"t":64.808,"s":[{"i":[[0,0],[-55.115,-29.821],[0,24.895],[5.084,3.812],[4.1,-6.149],[3.043,5.817],[-10.297,14.489],[0,0]],"o":[[-73.574,11.76],[42.24,20.203],[0,-5.226],[-10.452,-7.84],[-5.226,7.84],[-1.497,-2.863],[9.962,-14.017],[0,0]],"v":[[-0.573,-60.445],[-60.248,52.581],[18.888,-26.267],[28.928,-46.082],[0.596,-39.333],[-25.648,-13.9],[-4.407,-42.156],[14.702,-53.912]],"c":true}]},{"i":{"x":0.833,"y":0.833},"o":{"x":0.167,"y":0.167},"t":68.325,"s":[{"i":[[0,0],[-64.344,-18.405],[0,24.895],[5.084,3.812],[4.1,-6.149],[3.077,-2.307],[-10.297,14.489],[0,0]],"o":[[-73.574,11.76],[48.16,13.776],[0,-5.226],[-10.452,-7.84],[-5.226,7.84],[-2.584,1.939],[9.962,-14.017],[0,0]],"v":[[16.68,-71.998],[-64.11,35.476],[18.888,-26.267],[26.728,-49.785],[0.596,-39.333],[-23.707,-12.893],[-4.407,-42.156],[31.955,-65.465]],"c":true}]},{"i":{"x":0.833,"y":0.833},"o":{"x":0.167,"y":0.167},"t":71.844,"s":[{"i":[[0,0],[-64.59,17.522],[0,24.895],[5.084,3.812],[4.1,-6.149],[3.077,-2.307],[-10.297,14.489],[0,0]],"o":[[-73.574,11.76],[56.81,-15.412],[0,-5.226],[-10.452,-7.84],[-5.226,7.84],[-2.584,1.939],[9.962,-14.017],[0,0]],"v":[[16.68,-71.998],[15.89,49.476],[18.888,-26.267],[26.728,-49.785],[0.596,-39.333],[-7.707,-10.893],[-4.407,-42.156],[31.955,-65.465]],"c":true}]},{"i":{"x":0.833,"y":0.833},"o":{"x":0.167,"y":0.167},"t":74.481,"s":[{"i":[[0,0],[-64.59,17.522],[0,24.895],[5.084,3.812],[4.1,-6.149],[3.077,-2.307],[-10.297,14.489],[0,0]],"o":[[-73.574,11.76],[56.81,-15.412],[0,-5.226],[-10.452,-7.84],[-5.226,7.84],[-2.584,1.939],[9.962,-14.017],[0,0]],"v":[[16.68,-71.998],[3.89,54.476],[18.888,-26.267],[26.728,-49.785],[0.596,-39.333],[-7.707,-10.893],[-4.407,-42.156],[31.955,-65.465]],"c":true}]},{"i":{"x":0.833,"y":0.833},"o":{"x":0.167,"y":0.167},"t":76.241,"s":[{"i":[[0,0],[-64.59,17.522],[0,24.895],[5.084,3.812],[4.1,-6.149],[3.077,-2.307],[-10.297,14.489],[0,0]],"o":[[-73.574,11.76],[56.81,-15.412],[0,-5.226],[-10.452,-7.84],[-5.226,7.84],[-2.584,1.939],[9.962,-14.017],[0,0]],"v":[[16.68,-71.998],[-3.11,54.476],[18.888,-26.267],[26.728,-49.785],[0.596,-39.333],[-7.707,-10.893],[-4.407,-42.156],[31.955,-65.465]],"c":true}]},{"t":78,"s":[{"i":[[0,0],[-64.59,17.522],[0,24.895],[5.084,3.812],[4.1,-6.149],[3.077,-2.307],[-10.297,14.489],[0,0]],"o":[[-73.574,11.76],[56.81,-15.412],[0,-5.226],[-10.452,-7.84],[-5.226,7.84],[-2.584,1.939],[9.962,-14.017],[0,0]],"v":[[16.68,-71.998],[3.89,54.476],[18.888,-26.267],[26.728,-49.785],[0.596,-39.333],[-7.707,-10.893],[-4.407,-42.156],[31.955,-65.465]],"c":true}]}],"ix":2},"nm":"Path 1","mn":"ADBE Vector Shape - Group","hd":false},{"ty":"fl","c":{"a":0,"k":[0.980000035903,0.365000017952,0.195999998205,1],"ix":4},"o":{"a":0,"k":100,"ix":5},"r":1,"bm":0,"nm":"Fill 1","mn":"ADBE Vector Graphic - Fill","hd":false},{"ty":"tr","p":{"a":0,"k":[60.95,72.248],"ix":2},"a":{"a":0,"k":[0,0],"ix":1},"s":{"a":0,"k":[100,100],"ix":3},"r":{"a":0,"k":0,"ix":6},"o":{"a":0,"k":100,"ix":7},"sk":{"a":0,"k":0,"ix":4},"sa":{"a":0,"k":0,"ix":5},"nm":"Transform"}],"nm":"Group 1","np":2,"cix":2,"bm":0,"ix":1,"mn":"ADBE Vector Group","hd":false}],"ip":22,"op":180,"st":30,"bm":0},{"ddd":0,"ind":4,"ty":4,"nm":"Layer 4/tasty logo Outlines","sr":1,"ks":{"o":{"a":0,"k":100,"ix":11},"r":{"a":0,"k":0,"ix":10},"p":{"a":1,"k":[{"i":{"x":0.833,"y":0.833},"o":{"x":0.167,"y":0.167},"t":64.808,"s":[259.75,359.25,0],"to":[-7.167,2.333,0],"ti":[7.167,-2.333,0]},{"t":73.6025390625,"s":[216.75,373.25,0]}],"ix":2,"l":2},"a":{"a":0,"k":[13,10,0],"ix":1,"l":2},"s":{"a":0,"k":[100,100,100],"ix":6,"l":2}},"ao":0,"shapes":[{"ty":"gr","it":[{"ind":0,"ty":"sh","ix":1,"ks":{"a":0,"k":{"i":[[0,0],[1.066,-3.198],[5.329,1.066],[-7.461,4.264]],"o":[[0,0],[-1.066,3.198],[-5.329,-1.066],[7.461,-4.263]],"v":[[12.258,-8.527],[2.665,0],[-5.863,8.527],[-4.796,-5.33]],"c":true},"ix":2},"nm":"Path 1","mn":"ADBE Vector Shape - Group","hd":false},{"ty":"fl","c":{"a":0,"k":[0.980000035903,0.365000017952,0.195999998205,1],"ix":4},"o":{"a":0,"k":100,"ix":5},"r":1,"bm":0,"nm":"Fill 1","mn":"ADBE Vector Graphic - Fill","hd":false},{"ty":"tr","p":{"a":0,"k":[12.507,9.843],"ix":2},"a":{"a":0,"k":[0,0],"ix":1},"s":{"a":0,"k":[100,100],"ix":3},"r":{"a":0,"k":0,"ix":6},"o":{"a":0,"k":100,"ix":7},"sk":{"a":0,"k":0,"ix":4},"sa":{"a":0,"k":0,"ix":5},"nm":"Transform"}],"nm":"Group 1","np":2,"cix":2,"bm":0,"ix":1,"mn":"ADBE Vector Group","hd":false}],"ip":64,"op":180,"st":30,"bm":0},{"ddd":0,"ind":5,"ty":4,"nm":"Layer 3/tasty logo Outlines","sr":1,"ks":{"o":{"a":0,"k":100,"ix":11},"r":{"a":0,"k":0,"ix":10},"p":{"a":1,"k":[{"i":{"x":0.833,"y":0.833},"o":{"x":0.167,"y":0.167},"t":57.771,"s":[262,368,0],"to":[-6.667,-5,0],"ti":[6.667,5,0]},{"t":63.927734375,"s":[222,338,0]}],"ix":2,"l":2},"a":{"a":0,"k":[22.5,17.5,0],"ix":1,"l":2},"s":{"a":0,"k":[100,100,100],"ix":6,"l":2}},"ao":0,"shapes":[{"ty":"gr","it":[{"ind":0,"ty":"sh","ix":1,"ks":{"a":0,"k":{"i":[[0,0],[1.899,5.697],[9.495,-1.899],[-13.294,-7.596]],"o":[[0,0],[-1.899,-5.698],[-9.496,1.899],[13.293,7.596]],"v":[[21.84,15.192],[4.747,0.001],[-10.445,-15.192],[-8.546,9.495]],"c":true},"ix":2},"nm":"Path 1","mn":"ADBE Vector Shape - Group","hd":false},{"ty":"fl","c":{"a":0,"k":[0.980000035903,0.365000017952,0.195999998205,1],"ix":4},"o":{"a":0,"k":100,"ix":5},"r":1,"bm":0,"nm":"Fill 1","mn":"ADBE Vector Graphic - Fill","hd":false},{"ty":"tr","p":{"a":0,"k":[22.09,17.342],"ix":2},"a":{"a":0,"k":[0,0],"ix":1},"s":{"a":0,"k":[100,100],"ix":3},"r":{"a":0,"k":0,"ix":6},"o":{"a":0,"k":100,"ix":7},"sk":{"a":0,"k":0,"ix":4},"sa":{"a":0,"k":0,"ix":5},"nm":"Transform"}],"nm":"Group 1","np":2,"cix":2,"bm":0,"ix":1,"mn":"ADBE Vector Group","hd":false}],"ip":58,"op":169,"st":19,"bm":0}],"markers":[]}