{"v":"5.9.6","fr":60,"ip":0,"op":84,"w":512,"h":512,"nm":"BUT_TEK","ddd":0,"assets":[{"id":"comp_0","nm":"butsari5","fr":60,"layers":[{"ddd":0,"ind":1,"ty":4,"nm":"Shape Layer 16","sr":1,"ks":{"o":{"a":0,"k":100,"ix":11},"r":{"a":0,"k":0,"ix":10},"p":{"a":0,"k":[88.533,151.425,0],"ix":2,"l":2},"a":{"a":0,"k":[-17.467,-50.075,0],"ix":1,"l":2},"s":{"a":0,"k":[100,100,100],"ix":6,"l":2}},"ao":0,"shapes":[{"ty":"gr","it":[{"ind":0,"ty":"sh","ix":1,"ks":{"a":1,"k":[{"i":{"x":0.833,"y":0.833},"o":{"x":0.167,"y":0.167},"t":49,"s":[{"i":[[0,0],[0,0],[0,0],[0,0]],"o":[[0,0],[0,0],[0,0],[0,0]],"v":[[-8.125,-11.879],[-8.394,12.825],[-11.084,13.064],[-10.879,-11.846]],"c":true}]},{"t":50,"s":[{"i":[[0,0],[0,0],[0,0],[0,0]],"o":[[0,0],[0,0],[0,0],[0,0]],"v":[[-5.754,-9.92],[-5.379,11.92],[-7.621,12.004],[-8.038,-9.92]],"c":true}]}],"ix":2},"nm":"Path 1","mn":"ADBE Vector Shape - Group","hd":false},{"ty":"fl","c":{"a":0,"k":[0.234985351563,0.677978515625,0.662994384766,1],"ix":4},"o":{"a":0,"k":100,"ix":5},"r":1,"bm":0,"nm":"Fill 1","mn":"ADBE Vector Graphic - Fill","hd":false},{"ty":"tr","p":{"a":0,"k":[-7.843,-50.796],"ix":2},"a":{"a":0,"k":[0,0],"ix":1},"s":{"a":0,"k":[100,100],"ix":3},"r":{"a":0,"k":-1.216,"ix":6},"o":{"a":0,"k":100,"ix":7},"sk":{"a":0,"k":0,"ix":4},"sa":{"a":0,"k":0,"ix":5},"nm":"Transform"}],"nm":"Rectangle 1","np":3,"cix":2,"bm":0,"ix":1,"mn":"ADBE Vector Group","hd":false}],"ip":49,"op":50,"st":0,"ct":1,"bm":0},{"ddd":0,"ind":2,"ty":4,"nm":"Shape Layer 15","sr":1,"ks":{"o":{"a":0,"k":100,"ix":11},"r":{"a":0,"k":0,"ix":10},"p":{"a":0,"k":[101,199,0],"ix":2,"l":2},"a":{"a":0,"k":[0,0,0],"ix":1,"l":2},"s":{"a":0,"k":[100,100,100],"ix":6,"l":2}},"ao":0,"shapes":[{"ty":"gr","it":[{"ind":0,"ty":"sh","ix":1,"ks":{"a":1,"k":[{"i":{"x":0.833,"y":0.833},"o":{"x":0.167,"y":0.167},"t":46,"s":[{"i":[[0,0],[0,0],[0,0],[0,0]],"o":[[0,0],[0,0],[0,0],[0,0]],"v":[[-36.122,-47.093],[-22.573,-36.416],[-20.822,-36.363],[-19.664,-38.611]],"c":true}]},{"t":47,"s":[{"i":[[0,0],[0,0],[0,0],[0,0]],"o":[[0,0],[0,0],[0,0],[0,0]],"v":[[-25.872,-46.593],[-22.573,-36.416],[-20.822,-36.363],[-16.914,-35.861]],"c":true}]}],"ix":2},"nm":"Path 1","mn":"ADBE Vector Shape - Group","hd":false},{"ty":"fl","c":{"a":0,"k":[0.203921568627,0.588235294118,0.576470588235,1],"ix":4},"o":{"a":0,"k":100,"ix":5},"r":1,"bm":0,"nm":"Fill 1","mn":"ADBE Vector Graphic - Fill","hd":false},{"ty":"tr","p":{"a":0,"k":[0,0],"ix":2},"a":{"a":0,"k":[0,0],"ix":1},"s":{"a":0,"k":[100,100],"ix":3},"r":{"a":0,"k":0,"ix":6},"o":{"a":0,"k":100,"ix":7},"sk":{"a":0,"k":0,"ix":4},"sa":{"a":0,"k":0,"ix":5},"nm":"Transform"}],"nm":"Shape 1","np":3,"cix":2,"bm":0,"ix":1,"mn":"ADBE Vector Group","hd":false}],"ip":45.6,"op":48,"st":0,"ct":1,"bm":0},{"ddd":0,"ind":3,"ty":4,"nm":"Shape Layer 13","sr":1,"ks":{"o":{"a":0,"k":100,"ix":11},"r":{"a":0,"k":0,"ix":10},"p":{"a":0,"k":[101,199,0],"ix":2,"l":2},"a":{"a":0,"k":[0,0,0],"ix":1,"l":2},"s":{"a":0,"k":[100,100,100],"ix":6,"l":2}},"ao":0,"shapes":[{"ty":"gr","it":[{"ind":0,"ty":"sh","ix":1,"ks":{"a":1,"k":[{"i":{"x":0.833,"y":0.833},"o":{"x":0.167,"y":0.167},"t":44,"s":[{"i":[[0,0],[0,0],[0,0]],"o":[[0,0],[0,0],[0,0]],"v":[[-45.227,-47.617],[-25.136,-35.512],[-30.773,-35.998]],"c":true}]},{"t":45,"s":[{"i":[[0,0],[0,0],[0,0]],"o":[[0,0],[0,0],[0,0]],"v":[[-43.227,-47.117],[-26.886,-35.762],[-23.023,-36.498]],"c":true}]}],"ix":2},"nm":"Path 1","mn":"ADBE Vector Shape - Group","hd":false},{"ty":"fl","c":{"a":0,"k":[0.203921568627,0.588235294118,0.576470588235,1],"ix":4},"o":{"a":0,"k":100,"ix":5},"r":1,"bm":0,"nm":"Fill 1","mn":"ADBE Vector Graphic - Fill","hd":false},{"ty":"tr","p":{"a":0,"k":[0,0],"ix":2},"a":{"a":0,"k":[0,0],"ix":1},"s":{"a":0,"k":[100,100],"ix":3},"r":{"a":0,"k":0,"ix":6},"o":{"a":0,"k":100,"ix":7},"sk":{"a":0,"k":0,"ix":4},"sa":{"a":0,"k":0,"ix":5},"nm":"Transform"}],"nm":"Shape 1","np":3,"cix":2,"bm":0,"ix":1,"mn":"ADBE Vector Group","hd":false}],"ip":43.2,"op":45.6,"st":0,"ct":1,"bm":0},{"ddd":0,"ind":4,"ty":3,"nm":"Null 112","sr":1,"ks":{"o":{"a":0,"k":0,"ix":11},"r":{"a":0,"k":0,"ix":10},"p":{"a":0,"k":[94,148,0],"ix":2,"l":2},"a":{"a":0,"k":[0,0,0],"ix":1,"l":2},"s":{"a":1,"k":[{"i":{"x":[0.667,0.667,0.667],"y":[1,1,1]},"o":{"x":[0.167,0.167,0.167],"y":[0.167,0.167,-2.5]},"t":0,"s":[100,100,100]},{"t":11,"s":[85,85,100]}],"ix":6,"l":2}},"ao":0,"ip":0,"op":117,"st":0,"bm":0},{"ddd":0,"ind":5,"ty":3,"nm":"positionorgans","parent":4,"sr":1,"ks":{"o":{"a":0,"k":0,"ix":11},"r":{"a":0,"k":0,"ix":10},"p":{"a":1,"k":[{"i":{"x":0.48,"y":1},"o":{"x":0.52,"y":0},"t":0,"s":[-28,-46,0],"to":[0,0,0],"ti":[0,0,0]},{"t":17,"s":[48,-46,0]}],"ix":2,"l":2},"a":{"a":0,"k":[0,0,0],"ix":1,"l":2},"s":{"a":0,"k":[100,100,100],"ix":6,"l":2}},"ao":0,"ip":0,"op":119,"st":0,"bm":0},{"ddd":0,"ind":6,"ty":4,"nm":"gaga 6","sr":1,"ks":{"o":{"a":0,"k":100,"ix":11},"r":{"a":0,"k":0,"ix":10},"p":{"a":1,"k":[{"i":{"x":0.667,"y":1},"o":{"x":0.167,"y":0.167},"t":36.001,"s":[50.913,151.598,0],"to":[0,0,0],"ti":[0,0,0]},{"t":69.600390625,"s":[130.913,151.598,0]}],"ix":2,"l":2},"a":{"a":0,"k":[85.845,102.308,0],"ix":1,"l":2},"s":{"a":1,"k":[{"i":{"x":[0.833,0.833,0.833],"y":[0.833,0.833,0.833]},"o":{"x":[0.167,0.167,0.167],"y":[0.167,0.167,0.167]},"t":36.001,"s":[-14,100,100]},{"i":{"x":[0.833,0.833,0.833],"y":[0.833,0.833,0.833]},"o":{"x":[0.167,0.167,0.167],"y":[0.167,0.167,0.167]},"t":40.8,"s":[-100,100,100]},{"t":50.39921875,"s":[100,100,100]}],"ix":6,"l":2}},"ao":0,"shapes":[{"ty":"gr","it":[{"ind":0,"ty":"sh","ix":1,"ks":{"a":1,"k":[{"i":{"x":0.833,"y":0.833},"o":{"x":0.167,"y":0.167},"t":50.001,"s":[{"i":[[0,0],[0,0],[0,0],[0.405,8.396],[0,0],[0,0]],"o":[[0,0],[0,0],[0,0],[-0.463,-9.599],[0,0],[0,0]],"v":[[4.583,0.332],[-4,6.993],[-10.333,11.904],[-12.767,1.251],[-10.237,-11.904],[-1.702,-4.95]],"c":true}]},{"i":{"x":0.833,"y":0.833},"o":{"x":0.167,"y":0.167},"t":52.8,"s":[{"i":[[0,0],[0,0],[0,0],[0.106,8.149],[0,0],[0,0]],"o":[[0,0],[0,0],[0,0],[-0.114,-9.603],[0,0],[0,0]],"v":[[6.083,0.457],[-3.5,7.118],[-10.333,11.904],[-13.767,0.751],[-10.237,-11.904],[-0.827,-4.844]],"c":true}]},{"i":{"x":0.833,"y":0.833},"o":{"x":0.167,"y":0.167},"t":55.2,"s":[{"i":[[0,0],[0,0],[0,0],[-0.043,8.025],[0,0],[0,0]],"o":[[0,0],[0,0],[0,0],[0.06,-9.605],[0,0],[0,0]],"v":[[9.583,1.02],[-2.25,7.681],[-10.333,11.904],[-12.767,1.001],[-10.237,-11.904],[-0.389,-4.831]],"c":true}]},{"t":57.600390625,"s":[{"i":[[0,0],[0,0],[0,0],[-0.192,7.901],[0,0],[0,0]],"o":[[0,0],[0,0],[0,0],[0.234,-9.607],[0,0],[0,0]],"v":[[7.583,0.582],[-3,7.243],[-10.333,11.904],[-10.267,1.251],[-10.237,-11.904],[0.048,-4.739]],"c":true}]}],"ix":2},"nm":"Path 1","mn":"ADBE Vector Shape - Group","hd":false},{"ty":"fl","c":{"a":0,"k":[0.234999997008,0.677999997606,0.663000009574,1],"ix":4},"o":{"a":0,"k":100,"ix":5},"r":1,"bm":0,"nm":"Fill 1","mn":"ADBE Vector Graphic - Fill","hd":false},{"ty":"tr","p":{"a":0,"k":[96.178,102.308],"ix":2},"a":{"a":0,"k":[0,0],"ix":1},"s":{"a":0,"k":[100,100],"ix":3},"r":{"a":0,"k":0,"ix":6},"o":{"a":0,"k":100,"ix":7},"sk":{"a":0,"k":0,"ix":4},"sa":{"a":0,"k":0,"ix":5},"nm":"Transform"}],"nm":"Group 1","np":2,"cix":2,"bm":0,"ix":1,"mn":"ADBE Vector Group","hd":false}],"ip":50,"op":119,"st":43.2,"ct":1,"bm":0},{"ddd":0,"ind":7,"ty":4,"nm":"gaga 5","sr":1,"ks":{"o":{"a":0,"k":100,"ix":11},"r":{"a":0,"k":0,"ix":10},"p":{"a":1,"k":[{"i":{"x":0.667,"y":1},"o":{"x":0.167,"y":0.167},"t":36.001,"s":[50.913,151.598,0],"to":[0,0,0],"ti":[0,0,0]},{"t":69.600390625,"s":[130.913,151.598,0]}],"ix":2,"l":2},"a":{"a":0,"k":[85.845,102.308,0],"ix":1,"l":2},"s":{"a":1,"k":[{"i":{"x":[0.833,0.833,0.833],"y":[0.833,0.833,0.833]},"o":{"x":[0.167,0.167,0.167],"y":[0.167,0.167,0.167]},"t":36.001,"s":[-14,100,100]},{"t":40.799609375,"s":[-100,100,100]}],"ix":6,"l":2}},"ao":0,"shapes":[{"ty":"gr","it":[{"ind":0,"ty":"sh","ix":1,"ks":{"a":1,"k":[{"i":{"x":0.833,"y":0.833},"o":{"x":0.167,"y":0.167},"t":33.6,"s":[{"i":[[0,0],[0,0],[0,0],[0.405,8.396],[0,0],[0,0]],"o":[[0,0],[0,0],[0,0],[-0.463,-9.599],[0,0],[0,0]],"v":[[10.333,0.082],[0,5.993],[-10.333,11.904],[-9.517,1.251],[-10.237,-11.904],[0.048,-5.911]],"c":true}]},{"i":{"x":0.833,"y":0.833},"o":{"x":0.167,"y":0.167},"t":36.001,"s":[{"i":[[0,0],[0,0],[0,0],[0.405,8.396],[0,0],[0,0]],"o":[[0,0],[0,0],[0,0],[-0.463,-9.599],[0,0],[0,0]],"v":[[10.333,0.082],[0,5.993],[-10.333,11.904],[-16.535,0.751],[-10.237,-11.904],[0.048,-5.911]],"c":true}]},{"i":{"x":0.833,"y":0.833},"o":{"x":0.167,"y":0.167},"t":40.8,"s":[{"i":[[0,0],[0,0],[0,0],[0.405,8.396],[0,0],[0,0]],"o":[[0,0],[0,0],[0,0],[-0.463,-9.599],[0,0],[0,0]],"v":[[10.333,0.082],[0,5.993],[-10.333,11.904],[-16.535,0.751],[-10.237,-11.904],[0.048,-5.911]],"c":true}]},{"i":{"x":0.833,"y":0.833},"o":{"x":0.167,"y":0.167},"t":43.2,"s":[{"i":[[0,0],[0,0],[0,0],[0.405,8.396],[0,0],[0,0]],"o":[[0,0],[0,0],[0,0],[-0.463,-9.599],[0,0],[0,0]],"v":[[10.333,0.082],[0,5.993],[-10.333,11.904],[-12.767,1.251],[-10.237,-11.904],[0.048,-5.911]],"c":true}]},{"i":{"x":0.833,"y":0.833},"o":{"x":0.167,"y":0.167},"t":45.6,"s":[{"i":[[0,0],[0,0],[0,0],[0.405,8.396],[0,0],[0,0]],"o":[[0,0],[0,0],[0,0],[-0.463,-9.599],[0,0],[0,0]],"v":[[10.333,0.082],[0,5.993],[-10.333,11.904],[-12.767,1.251],[-10.237,-11.904],[0.048,-5.911]],"c":true}]},{"i":{"x":0.833,"y":0.833},"o":{"x":0.167,"y":0.167},"t":48.001,"s":[{"i":[[0,0],[0,0],[0,0],[0.405,8.396],[0,0],[0,0]],"o":[[0,0],[0,0],[0,0],[-0.463,-9.599],[0,0],[0,0]],"v":[[-7.667,0.332],[-6.75,11.993],[-10.333,11.904],[-10.017,2.001],[-10.237,-11.904],[-7.702,-11.411]],"c":true}]},{"t":50.39921875,"s":[{"i":[[0,0],[0,0],[0,0],[0.405,8.396],[0,0],[0,0]],"o":[[0,0],[0,0],[0,0],[-0.463,-9.599],[0,0],[0,0]],"v":[[10.333,0.082],[0,5.993],[-10.333,11.904],[-12.767,1.251],[-10.237,-11.904],[0.048,-5.911]],"c":true}]}],"ix":2},"nm":"Path 1","mn":"ADBE Vector Shape - Group","hd":false},{"ty":"fl","c":{"a":0,"k":[0.234999997008,0.677999997606,0.663000009574,1],"ix":4},"o":{"a":0,"k":100,"ix":5},"r":1,"bm":0,"nm":"Fill 1","mn":"ADBE Vector Graphic - Fill","hd":false},{"ty":"tr","p":{"a":0,"k":[96.178,102.308],"ix":2},"a":{"a":0,"k":[0,0],"ix":1},"s":{"a":0,"k":[100,100],"ix":3},"r":{"a":0,"k":0,"ix":6},"o":{"a":0,"k":100,"ix":7},"sk":{"a":0,"k":0,"ix":4},"sa":{"a":0,"k":0,"ix":5},"nm":"Transform"}],"nm":"Group 1","np":2,"cix":2,"bm":0,"ix":1,"mn":"ADBE Vector Group","hd":false}],"ip":36,"op":49,"st":43.2,"ct":1,"bm":0},{"ddd":0,"ind":8,"ty":4,"nm":"butgvde 8","td":1,"sr":1,"ks":{"o":{"a":0,"k":99,"ix":11},"r":{"a":0,"k":0,"ix":10},"p":{"a":0,"k":[91.075,161.432,0],"ix":2,"l":2},"a":{"a":0,"k":[46.006,112.141,0],"ix":1,"l":2},"s":{"a":0,"k":[100,100,100],"ix":6,"l":2}},"ao":0,"shapes":[{"ty":"gr","it":[{"ind":0,"ty":"sh","ix":1,"ks":{"a":0,"k":{"i":[[0.11,0],[0,0],[0,0.109],[0,0],[-20.099,0],[0,0],[0,-20.099],[0,0],[0,0],[0,0]],"o":[[0,0],[-0.11,0],[0,0],[0,-20.099],[0,0],[20.099,0],[0,0],[0,0],[0,0],[0,0.109]],"v":[[40.192,73.152],[-40.192,73.152],[-40.391,72.953],[-40.391,-36.759],[-3.999,-73.152],[3.999,-73.152],[40.391,-36.759],[128.391,-37.932],[150.378,73.582],[40.391,72.953]],"c":true},"ix":2},"nm":"Path 1","mn":"ADBE Vector Shape - Group","hd":false},{"ty":"fl","c":{"a":0,"k":[1,0.827000038297,0.246999987434,1],"ix":4},"o":{"a":0,"k":100,"ix":5},"r":1,"bm":0,"nm":"Fill 1","mn":"ADBE Vector Graphic - Fill","hd":false},{"ty":"tr","p":{"a":0,"k":[46.006,112.141],"ix":2},"a":{"a":0,"k":[0,0],"ix":1},"s":{"a":0,"k":[100,100],"ix":3},"r":{"a":0,"k":0,"ix":6},"o":{"a":0,"k":100,"ix":7},"sk":{"a":0,"k":0,"ix":4},"sa":{"a":0,"k":0,"ix":5},"nm":"Transform"}],"nm":"Group 4","np":2,"cix":2,"bm":0,"ix":1,"mn":"ADBE Vector Group","hd":false}],"ip":0,"op":7.2,"st":0,"ct":1,"bm":0},{"ddd":0,"ind":9,"ty":4,"nm":"gaga","tt":1,"sr":1,"ks":{"o":{"a":0,"k":100,"ix":11},"r":{"a":0,"k":0,"ix":10},"p":{"a":0,"k":[131.267,151.598,0],"ix":2,"l":2},"a":{"a":0,"k":[85.845,102.308,0],"ix":1,"l":2},"s":{"a":1,"k":[{"i":{"x":[0.833,0.833,0.833],"y":[0.833,1,1]},"o":{"x":[0.733,0.333,0.333],"y":[0,0,0]},"t":0,"s":[100,100,100]},{"t":7.19921875,"s":[19,100,100]}],"ix":6,"l":2}},"ao":0,"shapes":[{"ty":"gr","it":[{"ind":0,"ty":"sh","ix":1,"ks":{"a":0,"k":{"i":[[0,0],[0,0],[0,0],[0,0],[0,0],[0,0]],"o":[[0,0],[0,0],[0,0],[0,0],[0,0],[0,0]],"v":[[10.333,0.082],[0,5.993],[-10.333,11.904],[-10.285,0.001],[-10.237,-11.904],[0.048,-5.911]],"c":true},"ix":2},"nm":"Path 1","mn":"ADBE Vector Shape - Group","hd":false},{"ty":"fl","c":{"a":0,"k":[0.234999997008,0.677999997606,0.663000009574,1],"ix":4},"o":{"a":0,"k":100,"ix":5},"r":1,"bm":0,"nm":"Fill 1","mn":"ADBE Vector Graphic - Fill","hd":false},{"ty":"tr","p":{"a":0,"k":[96.178,102.308],"ix":2},"a":{"a":0,"k":[0,0],"ix":1},"s":{"a":0,"k":[100,100],"ix":3},"r":{"a":0,"k":0,"ix":6},"o":{"a":0,"k":100,"ix":7},"sk":{"a":0,"k":0,"ix":4},"sa":{"a":0,"k":0,"ix":5},"nm":"Transform"}],"nm":"Group 1","np":2,"cix":2,"bm":0,"ix":1,"mn":"ADBE Vector Group","hd":false}],"ip":0,"op":7.2,"st":0,"ct":1,"bm":0},{"ddd":0,"ind":10,"ty":4,"nm":"Shape Layer 19","sr":1,"ks":{"o":{"a":0,"k":100,"ix":11},"r":{"a":0,"k":0,"ix":10},"p":{"a":0,"k":[101,199,0],"ix":2,"l":2},"a":{"a":0,"k":[0,0,0],"ix":1,"l":2},"s":{"a":0,"k":[100,100,100],"ix":6,"l":2}},"ao":0,"shapes":[{"ty":"gr","it":[{"ind":0,"ty":"sh","ix":1,"ks":{"a":0,"k":{"i":[[0,0],[0,-4],[0,0],[0,2.761]],"o":[[0,0],[0,3.5],[0,0],[0,-3.75]],"v":[[-14.75,-58.25],[-18.75,-46.5],[-14.5,-35.75],[-10,-47]],"c":true},"ix":2},"nm":"Path 1","mn":"ADBE Vector Shape - Group","hd":false},{"ty":"fl","c":{"a":0,"k":[0.203918457031,0.588226318359,0.576446533203,1],"ix":4},"o":{"a":0,"k":100,"ix":5},"r":1,"bm":0,"nm":"Fill 1","mn":"ADBE Vector Graphic - Fill","hd":false},{"ty":"tr","p":{"a":0,"k":[0,0],"ix":2},"a":{"a":0,"k":[0,0],"ix":1},"s":{"a":0,"k":[100,100],"ix":3},"r":{"a":0,"k":0,"ix":6},"o":{"a":0,"k":100,"ix":7},"sk":{"a":0,"k":0,"ix":4},"sa":{"a":0,"k":0,"ix":5},"nm":"Transform"}],"nm":"Shape 1","np":3,"cix":2,"bm":0,"ix":1,"mn":"ADBE Vector Group","hd":false}],"ip":48,"op":49,"st":2.4,"ct":1,"bm":0},{"ddd":0,"ind":11,"ty":4,"nm":"butgvde 10","td":1,"sr":1,"ks":{"o":{"a":0,"k":100,"ix":11},"r":{"a":0,"k":0,"ix":10},"p":{"a":0,"k":[91.075,161.432,0],"ix":2,"l":2},"a":{"a":0,"k":[46.006,112.141,0],"ix":1,"l":2},"s":{"a":0,"k":[100,100,100],"ix":6,"l":2}},"ao":0,"shapes":[{"ty":"gr","it":[{"ind":0,"ty":"sh","ix":1,"ks":{"a":0,"k":{"i":[[0.11,0],[0,0],[0,0.109],[0,0],[-20.099,0],[0,0],[0,-20.099],[0,0]],"o":[[0,0],[-0.11,0],[0,0],[0,-20.099],[0,0],[20.099,0],[0,0],[0,0.109]],"v":[[40.192,73.152],[-40.192,73.152],[-40.391,72.953],[-40.391,-36.759],[-3.999,-73.152],[3.999,-73.152],[40.391,-36.759],[40.391,72.953]],"c":true},"ix":2},"nm":"Path 1","mn":"ADBE Vector Shape - Group","hd":false},{"ty":"fl","c":{"a":0,"k":[1,0.827000038297,0.246999987434,1],"ix":4},"o":{"a":0,"k":100,"ix":5},"r":1,"bm":0,"nm":"Fill 1","mn":"ADBE Vector Graphic - Fill","hd":false},{"ty":"tr","p":{"a":0,"k":[46.006,112.141],"ix":2},"a":{"a":0,"k":[0,0],"ix":1},"s":{"a":0,"k":[100,100],"ix":3},"r":{"a":0,"k":0,"ix":6},"o":{"a":0,"k":100,"ix":7},"sk":{"a":0,"k":0,"ix":4},"sa":{"a":0,"k":0,"ix":5},"nm":"Transform"}],"nm":"Group 4","np":2,"cix":2,"bm":0,"ix":1,"mn":"ADBE Vector Group","hd":false}],"ip":43.2,"op":108,"st":43.2,"ct":1,"bm":0},{"ddd":0,"ind":12,"ty":0,"nm":"gozbuti","tt":1,"refId":"comp_1","sr":1,"ks":{"o":{"a":0,"k":100,"ix":11},"r":{"a":0,"k":0,"ix":10},"p":{"a":1,"k":[{"i":{"x":0.833,"y":0.833},"o":{"x":0.167,"y":0.167},"t":43.2,"s":[21,148.5,0],"to":[0,0,0],"ti":[0,0,0]},{"t":67.2,"s":[94.333,148.5,0]}],"ix":2,"l":2},"a":{"a":0,"k":[28,28.5,0],"ix":1,"l":2},"s":{"a":1,"k":[{"i":{"x":[0.699,0.644,0.667],"y":[1,1,1]},"o":{"x":[0.854,0.873,0.333],"y":[0,0,0]},"t":52.001,"s":[125,80,100]},{"t":58.00078125,"s":[100,100,100]}],"ix":6,"l":2}},"ao":0,"w":56,"h":57,"ip":43.2,"op":134,"st":43.2,"bm":0},{"ddd":0,"ind":13,"ty":4,"nm":"butgvde 2","td":1,"sr":1,"ks":{"o":{"a":0,"k":100,"ix":11},"r":{"a":0,"k":0,"ix":10},"p":{"a":0,"k":[91.075,161.432,0],"ix":2,"l":2},"a":{"a":0,"k":[46.006,112.141,0],"ix":1,"l":2},"s":{"a":0,"k":[100,100,100],"ix":6,"l":2}},"ao":0,"shapes":[{"ty":"gr","it":[{"ind":0,"ty":"sh","ix":1,"ks":{"a":0,"k":{"i":[[0.11,0],[0,0],[0,0.109],[0,0],[-20.099,0],[0,0],[0,-20.099],[0,0]],"o":[[0,0],[-0.11,0],[0,0],[0,-20.099],[0,0],[20.099,0],[0,0],[0,0.109]],"v":[[40.192,73.152],[-40.192,73.152],[-40.391,72.953],[-40.391,-36.759],[-3.999,-73.152],[3.999,-73.152],[40.391,-36.759],[40.391,72.953]],"c":true},"ix":2},"nm":"Path 1","mn":"ADBE Vector Shape - Group","hd":false},{"ty":"fl","c":{"a":0,"k":[1,0.827000038297,0.246999987434,1],"ix":4},"o":{"a":0,"k":100,"ix":5},"r":1,"bm":0,"nm":"Fill 1","mn":"ADBE Vector Graphic - Fill","hd":false},{"ty":"tr","p":{"a":0,"k":[46.006,112.141],"ix":2},"a":{"a":0,"k":[0,0],"ix":1},"s":{"a":0,"k":[100,100],"ix":3},"r":{"a":0,"k":0,"ix":6},"o":{"a":0,"k":100,"ix":7},"sk":{"a":0,"k":0,"ix":4},"sa":{"a":0,"k":0,"ix":5},"nm":"Transform"}],"nm":"Group 4","np":2,"cix":2,"bm":0,"ix":1,"mn":"ADBE Vector Group","hd":false}],"ip":0,"op":116,"st":0,"ct":1,"bm":0},{"ddd":0,"ind":14,"ty":0,"nm":"gozbuti","parent":5,"tt":1,"refId":"comp_1","sr":1,"ks":{"o":{"a":0,"k":100,"ix":11},"r":{"a":0,"k":0,"ix":10},"p":{"a":0,"k":[27.424,46,0],"ix":2,"l":2},"a":{"a":0,"k":[28,28.5,0],"ix":1,"l":2},"s":{"a":1,"k":[{"i":{"x":[0.667,0.667,0.667],"y":[1,1,1]},"o":{"x":[0.333,0.333,0.333],"y":[0,0,0]},"t":0,"s":[100,100,100]},{"t":5,"s":[110,93,100]}],"ix":6,"l":2}},"ao":0,"w":56,"h":57,"ip":0,"op":17,"st":0,"bm":0},{"ddd":0,"ind":15,"ty":3,"nm":"NULL CONTROL","sr":1,"ks":{"o":{"a":0,"k":0,"ix":11},"r":{"a":0,"k":0,"ix":10},"p":{"a":0,"k":[116.137,148,0],"ix":2,"l":2},"a":{"a":0,"k":[60,60,0],"ix":1,"l":2},"s":{"a":1,"k":[{"i":{"x":[0.833,0.833,0.833],"y":[0.833,0.833,0.833]},"o":{"x":[0.167,0.167,0.167],"y":[0.167,0.167,0.167]},"t":34,"s":[100,100,100]},{"t":45,"s":[89,89,100]}],"ix":6,"l":2}},"ao":0,"ip":16.80078125,"op":84,"st":0,"bm":0},{"ddd":0,"ind":16,"ty":4,"nm":"butgvde 9","td":1,"sr":1,"ks":{"o":{"a":0,"k":100,"ix":11},"r":{"a":0,"k":0,"ix":10},"p":{"a":0,"k":[91.075,161.432,0],"ix":2,"l":2},"a":{"a":0,"k":[46.006,112.141,0],"ix":1,"l":2},"s":{"a":0,"k":[100,100,100],"ix":6,"l":2}},"ao":0,"shapes":[{"ty":"gr","it":[{"ind":0,"ty":"sh","ix":1,"ks":{"a":0,"k":{"i":[[0.11,0],[0,0],[0,0.109],[0,0],[-20.099,0],[0,0],[0,-20.099],[0,0]],"o":[[0,0],[-0.11,0],[0,0],[0,-20.099],[0,0],[20.099,0],[0,0],[0,0.109]],"v":[[40.192,73.152],[-40.192,73.152],[-40.391,72.953],[-40.391,-36.759],[-3.999,-73.152],[3.999,-73.152],[40.391,-36.759],[40.391,72.953]],"c":true},"ix":2},"nm":"Path 1","mn":"ADBE Vector Shape - Group","hd":false},{"ty":"fl","c":{"a":0,"k":[1,0.827000038297,0.246999987434,1],"ix":4},"o":{"a":0,"k":100,"ix":5},"r":1,"bm":0,"nm":"Fill 1","mn":"ADBE Vector Graphic - Fill","hd":false},{"ty":"tr","p":{"a":0,"k":[46.006,112.141],"ix":2},"a":{"a":0,"k":[0,0],"ix":1},"s":{"a":0,"k":[100,100],"ix":3},"r":{"a":0,"k":0,"ix":6},"o":{"a":0,"k":100,"ix":7},"sk":{"a":0,"k":0,"ix":4},"sa":{"a":0,"k":0,"ix":5},"nm":"Transform"}],"nm":"Group 4","np":2,"cix":2,"bm":0,"ix":1,"mn":"ADBE Vector Group","hd":false}],"ip":16.8,"op":116,"st":-43.2,"ct":1,"bm":0},{"ddd":0,"ind":17,"ty":0,"nm":"gozbuti 3","parent":15,"tt":1,"refId":"comp_2","sr":1,"ks":{"o":{"a":0,"k":100,"ix":11},"r":{"a":0,"k":0,"ix":10},"p":{"a":1,"k":[{"i":{"x":0.833,"y":0.833},"o":{"x":0.167,"y":0.167},"t":-38.4,"s":[100.009,60,0],"to":[0,0,0],"ti":[0,0,0]},{"i":{"x":0.833,"y":0.833},"o":{"x":0.167,"y":0.167},"t":16.799,"s":[-41.491,60,0],"to":[0,0,0],"ti":[0,0,0]},{"t":52.79921875,"s":[103.509,60,0]}],"ix":2,"l":2},"a":{"a":0,"k":[28,28.5,0],"ix":1,"l":2},"s":{"a":1,"k":[{"i":{"x":[0.699,0.644,0.667],"y":[1,1,1]},"o":{"x":[0.854,0.873,0.333],"y":[0,0,0]},"t":26,"s":[125,80,100]},{"i":{"x":[0.699,0.644,0.667],"y":[1,1,1]},"o":{"x":[0.167,0.167,0.167],"y":[0,0,0]},"t":34,"s":[100,100,100]},{"i":{"x":[0.833,0.833,0.833],"y":[1,1,1]},"o":{"x":[0.167,0.167,0.167],"y":[0,0,0]},"t":37,"s":[100,100,100]},{"t":43.000390625,"s":[103,93,100]}],"ix":6,"l":2}},"ao":0,"w":56,"h":57,"ip":16.8,"op":84,"st":-38.4,"ct":1,"bm":0},{"ddd":0,"ind":18,"ty":4,"nm":"butgvde","sr":1,"ks":{"o":{"a":0,"k":100,"ix":11},"r":{"a":0,"k":0,"ix":10},"p":{"a":0,"k":[91.075,161.432,0],"ix":2,"l":2},"a":{"a":0,"k":[46.006,112.141,0],"ix":1,"l":2},"s":{"a":0,"k":[100,100,100],"ix":6,"l":2}},"ao":0,"shapes":[{"ty":"gr","it":[{"ind":0,"ty":"sh","ix":1,"ks":{"a":0,"k":{"i":[[0.11,0],[0,0],[0,0.109],[0,0],[-20.099,0],[0,0],[0,-20.099],[0,0]],"o":[[0,0],[-0.11,0],[0,0],[0,-20.099],[0,0],[20.099,0],[0,0],[0,0.109]],"v":[[40.192,73.152],[-40.192,73.152],[-40.391,72.953],[-40.391,-36.759],[-3.999,-73.152],[3.999,-73.152],[40.391,-36.759],[40.391,72.953]],"c":true},"ix":2},"nm":"Path 1","mn":"ADBE Vector Shape - Group","hd":false},{"ty":"fl","c":{"a":0,"k":[1,0.827000038297,0.246999987434,1],"ix":4},"o":{"a":0,"k":100,"ix":5},"r":1,"bm":0,"nm":"Fill 1","mn":"ADBE Vector Graphic - Fill","hd":false},{"ty":"tr","p":{"a":0,"k":[46.006,112.141],"ix":2},"a":{"a":0,"k":[0,0],"ix":1},"s":{"a":0,"k":[100,100],"ix":3},"r":{"a":0,"k":0,"ix":6},"o":{"a":0,"k":100,"ix":7},"sk":{"a":0,"k":0,"ix":4},"sa":{"a":0,"k":0,"ix":5},"nm":"Transform"}],"nm":"Group 4","np":2,"cix":2,"bm":0,"ix":1,"mn":"ADBE Vector Group","hd":false}],"ip":0,"op":116,"st":0,"ct":1,"bm":0},{"ddd":0,"ind":19,"ty":4,"nm":"butgvde 7","td":1,"sr":1,"ks":{"o":{"a":0,"k":100,"ix":11},"r":{"a":0,"k":0,"ix":10},"p":{"a":0,"k":[91.075,161.432,0],"ix":2,"l":2},"a":{"a":0,"k":[46.006,112.141,0],"ix":1,"l":2},"s":{"a":0,"k":[100,100,100],"ix":6,"l":2}},"ao":0,"shapes":[{"ty":"gr","it":[{"ind":0,"ty":"sh","ix":1,"ks":{"a":0,"k":{"i":[[0.11,0],[0,0],[0,0.109],[0,0],[-20.099,0],[0,0],[0,-20.099],[0,0]],"o":[[0,0],[-0.11,0],[0,0],[0,-20.099],[0,0],[20.099,0],[0,0],[0,0.109]],"v":[[40.192,73.152],[-40.192,73.152],[-40.391,72.953],[-40.391,-36.759],[-3.999,-73.152],[3.999,-73.152],[40.391,-36.759],[40.391,72.953]],"c":true},"ix":2},"nm":"Path 1","mn":"ADBE Vector Shape - Group","hd":false},{"ty":"fl","c":{"a":0,"k":[1,0.827000038297,0.246999987434,1],"ix":4},"o":{"a":0,"k":100,"ix":5},"r":1,"bm":0,"nm":"Fill 1","mn":"ADBE Vector Graphic - Fill","hd":false},{"ty":"tr","p":{"a":0,"k":[46.006,112.141],"ix":2},"a":{"a":0,"k":[0,0],"ix":1},"s":{"a":0,"k":[100,100],"ix":3},"r":{"a":0,"k":0,"ix":6},"o":{"a":0,"k":100,"ix":7},"sk":{"a":0,"k":0,"ix":4},"sa":{"a":0,"k":0,"ix":5},"nm":"Transform"}],"nm":"Group 4","np":2,"cix":2,"bm":0,"ix":1,"mn":"ADBE Vector Group","hd":false}],"ip":0,"op":24,"st":-33.6,"ct":1,"bm":0},{"ddd":0,"ind":20,"ty":0,"nm":"gozbuti 4","tt":1,"refId":"comp_3","sr":1,"ks":{"o":{"a":0,"k":100,"ix":11},"r":{"a":0,"k":0,"ix":10},"p":{"a":1,"k":[{"i":{"x":0.833,"y":0.833},"o":{"x":0.167,"y":0.167},"t":0,"s":[162.396,199,0],"to":[0,0,0],"ti":[0,0,0]},{"t":28.80078125,"s":[100.896,199,0]}],"ix":2,"l":2},"a":{"a":0,"k":[51,149,0],"ix":1,"l":2},"s":{"a":0,"k":[100,100,100],"ix":6,"l":2}},"ao":0,"w":102,"h":298,"ip":0,"op":24,"st":0,"bm":0},{"ddd":0,"ind":21,"ty":3,"nm":"Null 40","sr":1,"ks":{"o":{"a":0,"k":0,"ix":11},"r":{"a":0,"k":0,"ix":10},"p":{"a":0,"k":[29.829,34.618,0],"ix":2,"l":2},"a":{"a":0,"k":[0,0,0],"ix":1,"l":2},"s":{"a":0,"k":[100,100,100],"ix":6,"l":2}},"ao":0,"ip":0,"op":116,"st":0,"bm":0},{"ddd":0,"ind":22,"ty":4,"nm":"kemikk","parent":18,"sr":1,"ks":{"o":{"a":0,"k":100,"ix":11},"r":{"a":0,"k":0,"ix":10},"p":{"a":0,"k":[45.755,228.1,0],"ix":2,"l":2},"a":{"a":0,"k":[45.755,228.1,0],"ix":1,"l":2},"s":{"a":0,"k":[100,100,100],"ix":6,"l":2}},"ao":0,"shapes":[{"ty":"gr","it":[{"ind":0,"ty":"sh","ix":1,"ks":{"a":0,"k":{"i":[[0,0],[0,0],[-1.021,-9.235],[-7.109,-0.686],[-0.502,0],[-2.791,2.977],[-0.792,0],[-0.653,-1.079],[-6.299,0],[-0.331,0.019],[-0.723,8.519],[9.104,1.079],[0,0]],"o":[[0,0],[-9.028,0],[0.785,7.098],[0.511,0.049],[4.403,0],[0.672,-0.717],[1.017,0],[3.041,5.021],[0.328,0],[8.537,-0.472],[0.813,-9.566],[0,0],[0,0]],"v":[[-16.413,-70.318],[-16.413,35.58],[-31.622,52.632],[-17.935,66.119],[-16.413,66.193],[-5.253,61.354],[-2.982,60.292],[-0.319,61.939],[14.526,70.318],[15.514,70.29],[31.831,54.468],[16.59,35.714],[16.746,-70.029]],"c":true},"ix":2},"nm":"Path 1","mn":"ADBE Vector Shape - Group","hd":false},{"ind":1,"ty":"sh","ix":2,"ks":{"a":0,"k":{"i":[[0,0],[0,0],[0,0],[0,0],[0,0],[0.662,-7.787],[7.092,-0.393],[0.273,0],[2.628,4.341],[2.102,0],[1.215,-1.297],[3.435,0],[0.41,0.039],[0.633,5.722],[-2.365,2.642],[-3.495,0],[0,0],[0,0]],"o":[[0,0],[0,0],[0,0],[0,0],[7.73,0.916],[-0.6,7.065],[-0.276,0.015],[-5.061,0],[-1.173,-1.936],[-1.661,0],[-2.352,2.508],[-0.408,0],[-5.738,-0.555],[-0.395,-3.563],[2.334,-2.605],[0,0],[0,0],[0,0]],"v":[[-13.413,-67.292],[13.741,-67.055],[13.59,35.709],[13.586,38.379],[16.237,38.694],[28.841,54.214],[15.349,67.295],[14.526,67.318],[2.247,60.385],[-2.982,57.292],[-7.44,59.303],[-16.413,63.193],[-17.646,63.133],[-28.641,52.302],[-25.585,42.681],[-16.413,38.58],[-13.413,38.58],[-13.413,35.58]],"c":true},"ix":2},"nm":"Path 2","mn":"ADBE Vector Shape - Group","hd":false},{"ty":"mm","mm":1,"nm":"Merge Paths 1","mn":"ADBE Vector Filter - Merge","hd":false},{"ty":"fl","c":{"a":0,"k":[0.991999966491,0.375999989229,0.463000009574,1],"ix":4},"o":{"a":0,"k":100,"ix":5},"r":1,"bm":0,"nm":"Fill 1","mn":"ADBE Vector Graphic - Fill","hd":false},{"ty":"tr","p":{"a":0,"k":[45.668,228.094],"ix":2},"a":{"a":0,"k":[0,0],"ix":1},"s":{"a":0,"k":[100,100],"ix":3},"r":{"a":0,"k":0,"ix":6},"o":{"a":0,"k":100,"ix":7},"sk":{"a":0,"k":0,"ix":4},"sa":{"a":0,"k":0,"ix":5},"nm":"Transform"}],"nm":"Group 8","np":4,"cix":2,"bm":0,"ix":1,"mn":"ADBE Vector Group","hd":false},{"ty":"gr","it":[{"ind":0,"ty":"sh","ix":1,"ks":{"a":0,"k":{"i":[[0.299,0],[2.902,4.794],[1.571,0],[0.929,-0.99],[3.853,0],[0.458,0.044],[0.711,6.424],[-2.654,2.963],[-3.921,0],[0,0],[0,0],[0,0],[0,0],[0,0],[0.731,-8.597],[7.834,-0.434]],"o":[[-5.591,0],[-0.899,-1.484],[-1.242,0],[-2.637,2.814],[-0.456,0],[-6.441,-0.621],[-0.441,-3.993],[2.617,-2.923],[0,0],[0,0],[0,0],[0,0],[0,0],[8.537,1.012],[-0.663,7.805],[-0.302,0.017]],"v":[[14.281,68.811],[0.717,61.155],[-3.228,58.786],[-6.594,60.322],[-16.659,64.685],[-18.037,64.619],[-30.379,52.46],[-26.948,41.673],[-16.66,37.074],[-15.16,37.074],[-15.16,-68.812],[14.996,-68.548],[14.841,37.04],[16.166,37.197],[30.089,54.335],[15.184,68.786]],"c":true},"ix":2},"nm":"Path 1","mn":"ADBE Vector Shape - Group","hd":false},{"ty":"fl","c":{"a":0,"k":[1,1,1,1],"ix":4},"o":{"a":0,"k":100,"ix":5},"r":1,"bm":0,"nm":"Fill 1","mn":"ADBE Vector Graphic - Fill","hd":false},{"ty":"tr","p":{"a":0,"k":[45.915,228.1],"ix":2},"a":{"a":0,"k":[0,0],"ix":1},"s":{"a":0,"k":[100,100],"ix":3},"r":{"a":0,"k":0,"ix":6},"o":{"a":0,"k":100,"ix":7},"sk":{"a":0,"k":0,"ix":4},"sa":{"a":0,"k":0,"ix":5},"nm":"Transform"}],"nm":"Group 9","np":2,"cix":2,"bm":0,"ix":2,"mn":"ADBE Vector Group","hd":false}],"ip":0,"op":114,"st":0,"ct":1,"bm":0}]},{"id":"comp_1","nm":"gozbuti","fr":60,"layers":[{"ddd":0,"ind":1,"ty":4,"nm":"Shape Layer 25","sr":1,"ks":{"o":{"a":1,"k":[{"t":31,"s":[0],"h":1},{"t":32,"s":[100],"h":1},{"t":37,"s":[0],"h":1},{"i":{"x":[0.833],"y":[0.833]},"o":{"x":[0.167],"y":[0.167]},"t":216,"s":[0]},{"i":{"x":[0.833],"y":[0.833]},"o":{"x":[0.167],"y":[0.167]},"t":218.4,"s":[100]},{"i":{"x":[0.833],"y":[0.833]},"o":{"x":[0.167],"y":[0.167]},"t":225.6,"s":[100]},{"i":{"x":[0.833],"y":[0.833]},"o":{"x":[0.167],"y":[0.167]},"t":228,"s":[0]},{"i":{"x":[0.833],"y":[0.833]},"o":{"x":[0.167],"y":[0.167]},"t":290.4,"s":[0]},{"i":{"x":[0.833],"y":[0.833]},"o":{"x":[0.167],"y":[0.167]},"t":292.801,"s":[100]},{"i":{"x":[0.833],"y":[0.833]},"o":{"x":[0.167],"y":[0.167]},"t":300,"s":[100]},{"t":302.400390625,"s":[0]}],"ix":11},"r":{"a":0,"k":0,"ix":10},"p":{"a":0,"k":[28,28,0],"ix":2,"l":2},"a":{"a":0,"k":[116.75,-112.256,0],"ix":1,"l":2},"s":{"a":0,"k":[224,221,100],"ix":6,"l":2}},"ao":0,"shapes":[{"ty":"gr","it":[{"ind":0,"ty":"sh","ix":1,"ks":{"a":0,"k":{"i":[[0,0],[0,0]],"o":[[0,0],[0,0]],"v":[[107,-112.341],[126.5,-112.171]],"c":false},"ix":2},"nm":"Path 1","mn":"ADBE Vector Shape - Group","hd":false},{"ty":"st","c":{"a":0,"k":[1,1,1,1],"ix":3},"o":{"a":0,"k":100,"ix":4},"w":{"a":0,"k":4,"ix":5},"lc":2,"lj":1,"ml":4,"bm":0,"nm":"Stroke 1","mn":"ADBE Vector Graphic - Stroke","hd":false},{"ty":"tr","p":{"a":0,"k":[0,0],"ix":2},"a":{"a":0,"k":[0,0],"ix":1},"s":{"a":0,"k":[100,100],"ix":3},"r":{"a":0,"k":0,"ix":6},"o":{"a":0,"k":100,"ix":7},"sk":{"a":0,"k":0,"ix":4},"sa":{"a":0,"k":0,"ix":5},"nm":"Transform"}],"nm":"Shape 1","np":3,"cix":2,"bm":0,"ix":1,"mn":"ADBE Vector Group","hd":false}],"ip":31,"op":134.4,"st":84,"ct":1,"bm":0},{"ddd":0,"ind":2,"ty":4,"nm":"gzbebek","sr":1,"ks":{"o":{"a":1,"k":[{"t":31,"s":[100],"h":1},{"t":32,"s":[0],"h":1},{"t":37,"s":[100],"h":1}],"ix":11},"r":{"a":0,"k":0,"ix":10},"p":{"a":0,"k":[28.466,28.917,0],"ix":2,"l":2},"a":{"a":0,"k":[50.397,99.627,0],"ix":1,"l":2},"s":{"a":0,"k":[100,100,100],"ix":6,"l":2}},"ao":0,"shapes":[{"ty":"gr","it":[{"ind":0,"ty":"sh","ix":1,"ks":{"a":0,"k":{"i":[[9.958,2.723],[-9.958,-2.723]],"o":[[-8.876,-5.271],[8.876,5.272]],"v":[[-3.105,7.317],[3.106,-7.317]],"c":true},"ix":2},"nm":"Path 1","mn":"ADBE Vector Shape - Group","hd":false},{"ty":"fl","c":{"a":0,"k":[0.275,0.365000017952,0.694000004787,1],"ix":4},"o":{"a":0,"k":100,"ix":5},"r":1,"bm":0,"nm":"Fill 1","mn":"ADBE Vector Graphic - Fill","hd":false},{"ty":"tr","p":{"a":0,"k":[50.397,99.627],"ix":2},"a":{"a":0,"k":[0,0],"ix":1},"s":{"a":0,"k":[100,100],"ix":3},"r":{"a":0,"k":0,"ix":6},"o":{"a":0,"k":100,"ix":7},"sk":{"a":0,"k":0,"ix":4},"sa":{"a":0,"k":0,"ix":5},"nm":"Transform"}],"nm":"Group 2","np":2,"cix":2,"bm":0,"ix":1,"mn":"ADBE Vector Group","hd":false}],"ip":0,"op":3000,"st":0,"ct":1,"bm":0},{"ddd":0,"ind":3,"ty":4,"nm":"beyzgoz","sr":1,"ks":{"o":{"a":1,"k":[{"t":31,"s":[100],"h":1},{"t":32,"s":[0],"h":1},{"t":37,"s":[100],"h":1}],"ix":11},"r":{"a":0,"k":0,"ix":10},"p":{"a":0,"k":[28.466,28.918,0],"ix":2,"l":2},"a":{"a":0,"k":[50.397,99.627,0],"ix":1,"l":2},"s":{"a":1,"k":[{"i":{"x":[0.833,0.833,0.833],"y":[0.833,0.833,0.833]},"o":{"x":[0.167,0.167,0.167],"y":[0.167,0.167,0.167]},"t":30,"s":[100,100,100]},{"i":{"x":[0.833,0.833,0.833],"y":[0.833,0.833,0.833]},"o":{"x":[0.167,0.167,0.167],"y":[0.167,0.167,0.167]},"t":33,"s":[100,69,100]},{"i":{"x":[0.833,0.833,0.833],"y":[0.833,0.833,0.833]},"o":{"x":[0.167,0.167,0.167],"y":[0.167,0.167,0.167]},"t":36,"s":[100,69,100]},{"t":37,"s":[100,100,100]}],"ix":6,"l":2}},"ao":0,"shapes":[{"ty":"gr","it":[{"ind":0,"ty":"sh","ix":1,"ks":{"a":0,"k":{"i":[[1.175,0.327],[-28.553,2.881],[-1.175,-0.328],[28.552,-2.881]],"o":[[-27.645,-7.703],[1.213,-0.122],[27.643,7.704],[-1.213,0.122]],"v":[[-3.819,23.26],[0.199,-23.571],[3.822,-23.26],[-0.198,23.571]],"c":true},"ix":2},"nm":"Path 1","mn":"ADBE Vector Shape - Group","hd":false},{"ty":"st","c":{"a":0,"k":[1,1,1,1],"ix":3},"o":{"a":0,"k":100,"ix":4},"w":{"a":0,"k":7.573,"ix":5},"lc":1,"lj":1,"ml":10,"bm":0,"nm":"Stroke 1","mn":"ADBE Vector Graphic - Stroke","hd":false},{"ty":"fl","c":{"a":0,"k":[1,1,1,1],"ix":4},"o":{"a":0,"k":100,"ix":5},"r":1,"bm":0,"nm":"Fill 1","mn":"ADBE Vector Graphic - Fill","hd":false},{"ty":"tr","p":{"a":0,"k":[50.397,99.627],"ix":2},"a":{"a":0,"k":[0,0],"ix":1},"s":{"a":0,"k":[100,100],"ix":3},"r":{"a":0,"k":0,"ix":6},"o":{"a":0,"k":100,"ix":7},"sk":{"a":0,"k":0,"ix":4},"sa":{"a":0,"k":0,"ix":5},"nm":"Transform"}],"nm":"Group 3","np":3,"cix":2,"bm":0,"ix":1,"mn":"ADBE Vector Group","hd":false}],"ip":0,"op":3000,"st":0,"ct":1,"bm":0}]},{"id":"comp_2","nm":"gozbuti 3","fr":25,"layers":[{"ddd":0,"ind":1,"ty":4,"nm":"gzbebek","sr":1,"ks":{"o":{"a":1,"k":[{"t":72,"s":[100],"h":1},{"i":{"x":[0.833],"y":[0.833]},"o":{"x":[0.167],"y":[0.167]},"t":192,"s":[100]},{"i":{"x":[0.833],"y":[0.833]},"o":{"x":[0.167],"y":[0.167]},"t":194.4,"s":[0]},{"i":{"x":[0.833],"y":[0.833]},"o":{"x":[0.167],"y":[0.167]},"t":201.6,"s":[0]},{"i":{"x":[0.833],"y":[0.833]},"o":{"x":[0.167],"y":[0.167]},"t":204,"s":[100]},{"i":{"x":[0.833],"y":[0.833]},"o":{"x":[0.167],"y":[0.167]},"t":266.4,"s":[100]},{"i":{"x":[0.833],"y":[0.833]},"o":{"x":[0.167],"y":[0.167]},"t":268.8,"s":[0]},{"i":{"x":[0.833],"y":[0.833]},"o":{"x":[0.167],"y":[0.167]},"t":276,"s":[0]},{"t":278.4,"s":[100]}],"ix":11},"r":{"a":0,"k":0,"ix":10},"p":{"a":0,"k":[28.466,28.917,0],"ix":2,"l":2},"a":{"a":0,"k":[50.397,99.627,0],"ix":1,"l":2},"s":{"a":0,"k":[100,100,100],"ix":6,"l":2}},"ao":0,"shapes":[{"ty":"gr","it":[{"ind":0,"ty":"sh","ix":1,"ks":{"a":0,"k":{"i":[[9.958,2.723],[-9.958,-2.723]],"o":[[-8.876,-5.271],[8.876,5.272]],"v":[[-3.105,7.317],[3.106,-7.317]],"c":true},"ix":2},"nm":"Path 1","mn":"ADBE Vector Shape - Group","hd":false},{"ty":"fl","c":{"a":0,"k":[0.275,0.365000017952,0.694000004787,1],"ix":4},"o":{"a":0,"k":100,"ix":5},"r":1,"bm":0,"nm":"Fill 1","mn":"ADBE Vector Graphic - Fill","hd":false},{"ty":"tr","p":{"a":0,"k":[50.397,99.627],"ix":2},"a":{"a":0,"k":[0,0],"ix":1},"s":{"a":0,"k":[100,100],"ix":3},"r":{"a":0,"k":0,"ix":6},"o":{"a":0,"k":100,"ix":7},"sk":{"a":0,"k":0,"ix":4},"sa":{"a":0,"k":0,"ix":5},"nm":"Transform"}],"nm":"Group 2","np":2,"cix":2,"bm":0,"ix":1,"mn":"ADBE Vector Group","hd":false}],"ip":0,"op":3000,"st":0,"ct":1,"bm":0},{"ddd":0,"ind":2,"ty":4,"nm":"beyzgoz","sr":1,"ks":{"o":{"a":1,"k":[{"t":72,"s":[100],"h":1},{"i":{"x":[0.833],"y":[0.833]},"o":{"x":[0.167],"y":[0.167]},"t":192,"s":[100]},{"i":{"x":[0.833],"y":[0.833]},"o":{"x":[0.167],"y":[0.167]},"t":194.4,"s":[0]},{"i":{"x":[0.833],"y":[0.833]},"o":{"x":[0.167],"y":[0.167]},"t":201.6,"s":[0]},{"i":{"x":[0.833],"y":[0.833]},"o":{"x":[0.167],"y":[0.167]},"t":204,"s":[100]},{"i":{"x":[0.833],"y":[0.833]},"o":{"x":[0.167],"y":[0.167]},"t":266.4,"s":[100]},{"i":{"x":[0.833],"y":[0.833]},"o":{"x":[0.167],"y":[0.167]},"t":268.8,"s":[0]},{"i":{"x":[0.833],"y":[0.833]},"o":{"x":[0.167],"y":[0.167]},"t":276,"s":[0]},{"t":278.4,"s":[100]}],"ix":11},"r":{"a":0,"k":0,"ix":10},"p":{"a":0,"k":[28.466,28.918,0],"ix":2,"l":2},"a":{"a":0,"k":[50.397,99.627,0],"ix":1,"l":2},"s":{"a":0,"k":[100,100,100],"ix":6,"l":2}},"ao":0,"shapes":[{"ty":"gr","it":[{"ind":0,"ty":"sh","ix":1,"ks":{"a":0,"k":{"i":[[1.175,0.327],[-28.553,2.881],[-1.175,-0.328],[28.552,-2.881]],"o":[[-27.645,-7.703],[1.213,-0.122],[27.643,7.704],[-1.213,0.122]],"v":[[-3.819,23.26],[0.199,-23.571],[3.822,-23.26],[-0.198,23.571]],"c":true},"ix":2},"nm":"Path 1","mn":"ADBE Vector Shape - Group","hd":false},{"ty":"st","c":{"a":0,"k":[1,1,1,1],"ix":3},"o":{"a":0,"k":100,"ix":4},"w":{"a":0,"k":7.573,"ix":5},"lc":1,"lj":1,"ml":10,"bm":0,"nm":"Stroke 1","mn":"ADBE Vector Graphic - Stroke","hd":false},{"ty":"fl","c":{"a":0,"k":[1,1,1,1],"ix":4},"o":{"a":0,"k":100,"ix":5},"r":1,"bm":0,"nm":"Fill 1","mn":"ADBE Vector Graphic - Fill","hd":false},{"ty":"tr","p":{"a":0,"k":[50.397,99.627],"ix":2},"a":{"a":0,"k":[0,0],"ix":1},"s":{"a":0,"k":[100,100],"ix":3},"r":{"a":0,"k":0,"ix":6},"o":{"a":0,"k":100,"ix":7},"sk":{"a":0,"k":0,"ix":4},"sa":{"a":0,"k":0,"ix":5},"nm":"Transform"}],"nm":"Group 3","np":3,"cix":2,"bm":0,"ix":1,"mn":"ADBE Vector Group","hd":false}],"ip":0,"op":3000,"st":0,"ct":1,"bm":0}]},{"id":"comp_3","nm":"gozbuti 4","fr":25,"layers":[{"ddd":0,"ind":1,"ty":4,"nm":"gzbebek","parent":2,"sr":1,"ks":{"o":{"a":0,"k":100,"ix":11},"r":{"a":0,"k":0,"ix":10},"p":{"a":0,"k":[50.397,99.627,0],"ix":2,"l":2},"a":{"a":0,"k":[50.397,99.627,0],"ix":1,"l":2},"s":{"a":0,"k":[100,100,100],"ix":6,"l":2}},"ao":0,"shapes":[{"ty":"gr","it":[{"ind":0,"ty":"sh","ix":1,"ks":{"a":0,"k":{"i":[[9.958,2.723],[-9.958,-2.723]],"o":[[-8.876,-5.271],[8.876,5.272]],"v":[[-3.105,7.317],[3.106,-7.317]],"c":true},"ix":2},"nm":"Path 1","mn":"ADBE Vector Shape - Group","hd":false},{"ty":"fl","c":{"a":0,"k":[0.275,0.365000017952,0.694000004787,1],"ix":4},"o":{"a":0,"k":100,"ix":5},"r":1,"bm":0,"nm":"Fill 1","mn":"ADBE Vector Graphic - Fill","hd":false},{"ty":"tr","p":{"a":0,"k":[50.397,99.627],"ix":2},"a":{"a":0,"k":[0,0],"ix":1},"s":{"a":0,"k":[100,100],"ix":3},"r":{"a":0,"k":0,"ix":6},"o":{"a":0,"k":100,"ix":7},"sk":{"a":0,"k":0,"ix":4},"sa":{"a":0,"k":0,"ix":5},"nm":"Transform"}],"nm":"Group 2","np":2,"cix":2,"bm":0,"ix":1,"mn":"ADBE Vector Group","hd":false}],"ip":0,"op":3000,"st":0,"ct":1,"bm":0},{"ddd":0,"ind":2,"ty":4,"nm":"beyzgoz","sr":1,"ks":{"o":{"a":0,"k":100,"ix":11},"r":{"a":0,"k":0,"ix":10},"p":{"a":0,"k":[45.466,98.918,0],"ix":2,"l":2},"a":{"a":0,"k":[50.397,99.627,0],"ix":1,"l":2},"s":{"a":0,"k":[100,100,100],"ix":6,"l":2}},"ao":0,"shapes":[{"ty":"gr","it":[{"ind":0,"ty":"sh","ix":1,"ks":{"a":0,"k":{"i":[[1.175,0.327],[-28.553,2.881],[-1.175,-0.328],[28.552,-2.881]],"o":[[-27.645,-7.703],[1.213,-0.122],[27.643,7.704],[-1.213,0.122]],"v":[[-3.819,23.26],[0.199,-23.571],[3.822,-23.26],[-0.198,23.571]],"c":true},"ix":2},"nm":"Path 1","mn":"ADBE Vector Shape - Group","hd":false},{"ty":"st","c":{"a":0,"k":[1,1,1,1],"ix":3},"o":{"a":0,"k":100,"ix":4},"w":{"a":0,"k":7.573,"ix":5},"lc":1,"lj":1,"ml":10,"bm":0,"nm":"Stroke 1","mn":"ADBE Vector Graphic - Stroke","hd":false},{"ty":"fl","c":{"a":0,"k":[1,1,1,1],"ix":4},"o":{"a":0,"k":100,"ix":5},"r":1,"bm":0,"nm":"Fill 1","mn":"ADBE Vector Graphic - Fill","hd":false},{"ty":"tr","p":{"a":0,"k":[50.397,99.627],"ix":2},"a":{"a":0,"k":[0,0],"ix":1},"s":{"a":0,"k":[100,100],"ix":3},"r":{"a":0,"k":0,"ix":6},"o":{"a":0,"k":100,"ix":7},"sk":{"a":0,"k":0,"ix":4},"sa":{"a":0,"k":0,"ix":5},"nm":"Transform"}],"nm":"Group 3","np":3,"cix":2,"bm":0,"ix":1,"mn":"ADBE Vector Group","hd":false}],"ip":0,"op":3000,"st":0,"ct":1,"bm":0}]}],"layers":[{"ddd":0,"ind":1,"ty":4,"nm":"HUNGRY? 3 Outlines - H","sr":1,"ks":{"o":{"a":0,"k":100,"ix":11},"r":{"a":0,"k":0,"ix":10},"p":{"a":0,"k":[77.921,133.922,0],"ix":2,"l":2},"a":{"a":0,"k":[-197.189,-60.61,0],"ix":1,"l":2},"s":{"a":1,"k":[{"i":{"x":[0.48,0.48,0.48],"y":[1,1,1]},"o":{"x":[0.52,0.52,0.52],"y":[0,0,0]},"t":0,"s":[0,0,100]},{"i":{"x":[0.48,0.48,0.48],"y":[1,1,1]},"o":{"x":[0.52,0.52,0.52],"y":[0,0,0]},"t":15.523,"s":[110,110,100]},{"t":30,"s":[100,100,100]}],"ix":6,"l":2}},"ao":0,"hasMask":true,"masksProperties":[{"inv":false,"mode":"n","pt":{"a":0,"k":{"i":[[155.744,0],[0,-155.744],[-155.744,0],[0,155.744]],"o":[[-155.744,0],[0,155.744],[155.744,0],[0,-155.744]],"v":[[-34,-79],[-316,203],[-34,485],[248,203]],"c":true},"ix":1},"o":{"a":0,"k":100,"ix":3},"x":{"a":0,"k":0,"ix":4},"nm":"Mask 1"}],"ef":[{"ty":5,"nm":"Scale - Overshoot","np":3,"mn":"ADBE Slider Control","ix":1,"en":1,"ef":[{"ty":0,"nm":"Slider","mn":"ADBE Slider Control-0001","ix":1,"v":{"a":0,"k":10,"ix":1,"x":"var $bm_rt;\n$bm_rt = clamp(value, 0, 100);"}}]},{"ty":5,"nm":"Scale - Bounce","np":3,"mn":"ADBE Slider Control","ix":2,"en":1,"ef":[{"ty":0,"nm":"Slider","mn":"ADBE Slider Control-0001","ix":1,"v":{"a":0,"k":40,"ix":1,"x":"var $bm_rt;\n$bm_rt = clamp(value, 0, 100);"}}]},{"ty":5,"nm":"Scale - Friction","np":3,"mn":"ADBE Slider Control","ix":3,"en":1,"ef":[{"ty":0,"nm":"Slider","mn":"ADBE Slider Control-0001","ix":1,"v":{"a":0,"k":100,"ix":1,"x":"var $bm_rt;\n$bm_rt = clamp(value, 0, 100);"}}]}],"sy":[{"c":{"a":0,"k":[0.9931640625,0.466186523438,0.540618896484,1],"ix":2},"s":{"a":0,"k":5.1,"ix":3},"ty":0,"nm":"Stroke"}],"shapes":[{"ty":"gr","it":[{"ind":0,"ty":"sh","ix":1,"ks":{"a":0,"k":{"i":[[0.14,-0.586],[-0.307,-0.499],[0,0],[0,0],[0,0],[0.587,0.141],[0.499,-0.307],[0,0],[0.14,-0.586],[-0.307,-0.499],[0,0],[-0.574,-0.117],[-0.5,0.308],[0,0],[-0.14,0.588],[0.308,0.5],[0,0],[0,0],[0,0],[-0.587,-0.139],[-0.5,0.308],[0,0],[-0.14,0.588],[0.308,0.5],[0,0],[0.587,0.141],[0.499,-0.307],[0,0]],"o":[[-0.14,0.588],[0,0],[0,0],[0,0],[-0.307,-0.499],[-0.587,-0.139],[0,0],[-0.5,0.308],[-0.14,0.588],[0,0],[0.335,0.545],[0.573,0.117],[0,0],[0.499,-0.307],[0.14,-0.586],[0,0],[0,0],[0,0],[0.308,0.5],[0.587,0.141],[0,0],[0.499,-0.307],[0.14,-0.586],[0,0],[-0.307,-0.499],[-0.587,-0.139],[0,0],[-0.5,0.308]],"v":[[-204.17,-88.448],[-203.919,-86.818],[-195.323,-72.851],[-208.95,-64.465],[-217.545,-78.432],[-218.887,-79.391],[-220.517,-79.139],[-234.552,-70.502],[-235.511,-69.16],[-235.259,-67.53],[-208.173,-23.517],[-206.81,-22.524],[-205.201,-22.81],[-191.166,-31.447],[-190.207,-32.789],[-190.459,-34.419],[-199.39,-48.931],[-185.763,-57.317],[-176.832,-42.805],[-175.491,-41.846],[-173.861,-42.097],[-159.826,-50.735],[-158.866,-52.077],[-159.118,-53.707],[-186.205,-97.72],[-187.546,-98.679],[-189.176,-98.427],[-203.211,-89.79]],"c":true},"ix":2},"nm":"H","mn":"ADBE Vector Shape - Group","hd":false},{"ty":"fl","c":{"a":0,"k":[1,1,1,1],"ix":4},"o":{"a":0,"k":100,"ix":5},"r":1,"bm":0,"nm":"Fill 1","mn":"ADBE Vector Graphic - Fill","hd":false},{"ty":"tr","p":{"a":0,"k":[0,0],"ix":2},"a":{"a":0,"k":[0,0],"ix":1},"s":{"a":0,"k":[100,100],"ix":3},"r":{"a":0,"k":0,"ix":6},"o":{"a":0,"k":100,"ix":7},"sk":{"a":0,"k":0,"ix":4},"sa":{"a":0,"k":0,"ix":5},"nm":"Transform"}],"nm":"H","np":3,"cix":2,"bm":0,"ix":1,"mn":"ADBE Vector Group","hd":false},{"ty":"st","c":{"a":0,"k":[0.991973876953,0.3759765625,0.462982177734,1],"ix":3},"o":{"a":0,"k":100,"ix":4},"w":{"a":0,"k":13,"ix":5},"lc":1,"lj":1,"ml":4,"bm":0,"nm":"Stroke 1","mn":"ADBE Vector Graphic - Stroke","hd":false}],"ip":0,"op":84,"st":0,"ct":1,"bm":0},{"ddd":0,"ind":2,"ty":4,"nm":"HUNGRY? 3 Outlines - U","sr":1,"ks":{"o":{"a":0,"k":100,"ix":11},"r":{"a":0,"k":0,"ix":10},"p":{"a":0,"k":[131.619,103.172,0],"ix":2,"l":2},"a":{"a":0,"k":[-143.491,-91.36,0],"ix":1,"l":2},"s":{"a":1,"k":[{"i":{"x":[0.48,0.48,0.48],"y":[1,1,1]},"o":{"x":[0.52,0.52,0.52],"y":[0,0,0]},"t":2,"s":[0,0,100]},{"i":{"x":[0.48,0.48,0.48],"y":[1,1,1]},"o":{"x":[0.52,0.52,0.52],"y":[0,0,0]},"t":17.424,"s":[110,110,100]},{"t":32,"s":[100,100,100]}],"ix":6,"l":2}},"ao":0,"hasMask":true,"masksProperties":[{"inv":false,"mode":"n","pt":{"a":0,"k":{"i":[[155.744,0],[0,-155.744],[-155.744,0],[0,155.744]],"o":[[-155.744,0],[0,155.744],[155.744,0],[0,-155.744]],"v":[[-34,-79],[-316,203],[-34,485],[248,203]],"c":true},"ix":1},"o":{"a":0,"k":100,"ix":3},"x":{"a":0,"k":0,"ix":4},"nm":"Mask 1"}],"ef":[{"ty":5,"nm":"Scale - Overshoot","np":3,"mn":"ADBE Slider Control","ix":1,"en":1,"ef":[{"ty":0,"nm":"Slider","mn":"ADBE Slider Control-0001","ix":1,"v":{"a":0,"k":10,"ix":1,"x":"var $bm_rt;\n$bm_rt = clamp(value, 0, 100);"}}]},{"ty":5,"nm":"Scale - Bounce","np":3,"mn":"ADBE Slider Control","ix":2,"en":1,"ef":[{"ty":0,"nm":"Slider","mn":"ADBE Slider Control-0001","ix":1,"v":{"a":0,"k":40,"ix":1,"x":"var $bm_rt;\n$bm_rt = clamp(value, 0, 100);"}}]},{"ty":5,"nm":"Scale - Friction","np":3,"mn":"ADBE Slider Control","ix":3,"en":1,"ef":[{"ty":0,"nm":"Slider","mn":"ADBE Slider Control-0001","ix":1,"v":{"a":0,"k":100,"ix":1,"x":"var $bm_rt;\n$bm_rt = clamp(value, 0, 100);"}}]}],"sy":[{"c":{"a":0,"k":[0.9931640625,0.466186523438,0.540618896484,1],"ix":2},"s":{"a":0,"k":5.1,"ix":3},"ty":0,"nm":"Stroke"}],"shapes":[{"ty":"gr","it":[{"ind":0,"ty":"sh","ix":1,"ks":{"a":0,"k":{"i":[[2.781,7.674],[0,0],[0.544,0.251],[0.551,-0.2],[0,0],[0.258,-0.539],[-0.196,-0.542],[0,0],[0.986,-1.583],[2.356,-0.854],[1.771,0.584],[0.732,2.02],[0,0],[0.544,0.25],[0.551,-0.2],[0,0],[0.257,-0.541],[-0.197,-0.544],[0,0],[-6.249,-1.823],[-8.424,3.053],[-3.629,5.405]],"o":[[0,0],[-0.197,-0.544],[-0.545,-0.25],[0,0],[-0.552,0.2],[-0.259,0.541],[0,0],[0.732,2.02],[-0.987,1.584],[-2.357,0.854],[-1.772,-0.583],[0,0],[-0.196,-0.542],[-0.545,-0.248],[0,0],[-0.552,0.2],[-0.258,0.542],[0,0],[2.781,7.674],[6.248,1.825],[8.424,-3.053],[3.628,-5.404]],"v":[[-111.738,-94.061],[-122.02,-122.427],[-123.133,-123.619],[-124.777,-123.696],[-140.497,-117.999],[-141.711,-116.89],[-141.804,-115.267],[-131.146,-85.862],[-131.527,-80.457],[-136.541,-76.801],[-142.734,-76.395],[-146.489,-80.3],[-157.147,-109.706],[-158.258,-110.892],[-159.901,-110.965],[-175.621,-105.268],[-176.834,-104.155],[-176.925,-102.527],[-166.643,-74.16],[-153.098,-59.915],[-131.089,-61.758],[-113.01,-74.444]],"c":true},"ix":2},"nm":"U","mn":"ADBE Vector Shape - Group","hd":false},{"ty":"fl","c":{"a":0,"k":[1,1,1,1],"ix":4},"o":{"a":0,"k":100,"ix":5},"r":1,"bm":0,"nm":"Fill 1","mn":"ADBE Vector Graphic - Fill","hd":false},{"ty":"tr","p":{"a":0,"k":[0,0],"ix":2},"a":{"a":0,"k":[0,0],"ix":1},"s":{"a":0,"k":[100,100],"ix":3},"r":{"a":0,"k":0,"ix":6},"o":{"a":0,"k":100,"ix":7},"sk":{"a":0,"k":0,"ix":4},"sa":{"a":0,"k":0,"ix":5},"nm":"Transform"}],"nm":"U","np":3,"cix":2,"bm":0,"ix":1,"mn":"ADBE Vector Group","hd":false},{"ty":"st","c":{"a":0,"k":[0.991973876953,0.3759765625,0.462982177734,1],"ix":3},"o":{"a":0,"k":100,"ix":4},"w":{"a":0,"k":13,"ix":5},"lc":1,"lj":1,"ml":4,"bm":0,"nm":"Stroke 1","mn":"ADBE Vector Graphic - Stroke","hd":false}],"ip":2,"op":86,"st":2,"ct":1,"bm":0},{"ddd":0,"ind":3,"ty":4,"nm":"HUNGRY? 3 Outlines - N","sr":1,"ks":{"o":{"a":0,"k":100,"ix":11},"r":{"a":0,"k":0,"ix":10},"p":{"a":0,"k":[195.17,90.913,0],"ix":2,"l":2},"a":{"a":0,"k":[-79.94,-103.618,0],"ix":1,"l":2},"s":{"a":1,"k":[{"i":{"x":[0.48,0.48,0.48],"y":[1,1,1]},"o":{"x":[0.52,0.52,0.52],"y":[0,0,0]},"t":4,"s":[0,0,100]},{"i":{"x":[0.48,0.48,0.48],"y":[1,1,1]},"o":{"x":[0.52,0.52,0.52],"y":[0,0,0]},"t":19.334,"s":[110,110,100]},{"t":34.001953125,"s":[100,100,100]}],"ix":6,"l":2}},"ao":0,"hasMask":true,"masksProperties":[{"inv":false,"mode":"n","pt":{"a":0,"k":{"i":[[155.744,0],[0,-155.744],[-155.744,0],[0,155.744]],"o":[[-155.744,0],[0,155.744],[155.744,0],[0,-155.744]],"v":[[-34,-79],[-316,203],[-34,485],[248,203]],"c":true},"ix":1},"o":{"a":0,"k":100,"ix":3},"x":{"a":0,"k":0,"ix":4},"nm":"Mask 1"}],"ef":[{"ty":5,"nm":"Scale - Overshoot","np":3,"mn":"ADBE Slider Control","ix":1,"en":1,"ef":[{"ty":0,"nm":"Slider","mn":"ADBE Slider Control-0001","ix":1,"v":{"a":0,"k":10,"ix":1,"x":"var $bm_rt;\n$bm_rt = clamp(value, 0, 100);"}}]},{"ty":5,"nm":"Scale - Bounce","np":3,"mn":"ADBE Slider Control","ix":2,"en":1,"ef":[{"ty":0,"nm":"Slider","mn":"ADBE Slider Control-0001","ix":1,"v":{"a":0,"k":40,"ix":1,"x":"var $bm_rt;\n$bm_rt = clamp(value, 0, 100);"}}]},{"ty":5,"nm":"Scale - Friction","np":3,"mn":"ADBE Slider Control","ix":3,"en":1,"ef":[{"ty":0,"nm":"Slider","mn":"ADBE Slider Control-0001","ix":1,"v":{"a":0,"k":100,"ix":1,"x":"var $bm_rt;\n$bm_rt = clamp(value, 0, 100);"}}]}],"sy":[{"c":{"a":0,"k":[0.9931640625,0.466186523438,0.540618896484,1],"ix":2},"s":{"a":0,"k":5.1,"ix":3},"ty":0,"nm":"Stroke"}],"shapes":[{"ty":"gr","it":[{"ind":0,"ty":"sh","ix":1,"ks":{"a":0,"k":{"i":[[0.361,-0.483],[-0.084,-0.58],[0,0],[0,0],[1.267,-0.183],[0,0],[0.361,-0.483],[-0.084,-0.58],[0,0],[-0.484,-0.361],[-0.581,0.084],[0,0],[-0.362,0.484],[0.084,0.581],[0,0],[0,0],[-1.267,0.183],[0,0],[-0.362,0.484],[0.084,0.581],[0,0],[0.483,0.362],[0.58,-0.084],[0,0]],"o":[[-0.362,0.484],[0,0],[0,0],[-0.944,-0.941],[0,0],[-0.581,0.084],[-0.362,0.484],[0,0],[0.084,0.581],[0.483,0.362],[0,0],[0.58,-0.084],[0.361,-0.483],[0,0],[0,0],[1.004,0.987],[0,0],[0.58,-0.084],[0.361,-0.483],[0,0],[-0.084,-0.58],[-0.484,-0.361],[0,0],[-0.581,0.084]],"v":[[-75.059,-131.966],[-75.476,-130.37],[-72.116,-107.092],[-92.817,-128.434],[-96.133,-129.572],[-108.96,-127.72],[-110.373,-126.87],[-110.79,-125.274],[-103.408,-74.124],[-102.557,-72.711],[-100.962,-72.295],[-86.234,-74.42],[-84.821,-75.271],[-84.405,-76.866],[-87.513,-98.403],[-67.075,-78.882],[-63.668,-77.677],[-50.92,-79.516],[-49.507,-80.367],[-49.091,-81.963],[-56.472,-133.113],[-57.323,-134.526],[-58.919,-134.942],[-73.646,-132.817]],"c":true},"ix":2},"nm":"N","mn":"ADBE Vector Shape - Group","hd":false},{"ty":"fl","c":{"a":0,"k":[1,1,1,1],"ix":4},"o":{"a":0,"k":100,"ix":5},"r":1,"bm":0,"nm":"Fill 1","mn":"ADBE Vector Graphic - Fill","hd":false},{"ty":"tr","p":{"a":0,"k":[0,0],"ix":2},"a":{"a":0,"k":[0,0],"ix":1},"s":{"a":0,"k":[100,100],"ix":3},"r":{"a":0,"k":0,"ix":6},"o":{"a":0,"k":100,"ix":7},"sk":{"a":0,"k":0,"ix":4},"sa":{"a":0,"k":0,"ix":5},"nm":"Transform"}],"nm":"N","np":3,"cix":2,"bm":0,"ix":1,"mn":"ADBE Vector Group","hd":false},{"ty":"st","c":{"a":0,"k":[0.991973876953,0.3759765625,0.462982177734,1],"ix":3},"o":{"a":0,"k":100,"ix":4},"w":{"a":0,"k":13,"ix":5},"lc":1,"lj":1,"ml":4,"bm":0,"nm":"Stroke 1","mn":"ADBE Vector Graphic - Stroke","hd":false}],"ip":4,"op":88,"st":4,"ct":1,"bm":0},{"ddd":0,"ind":4,"ty":4,"nm":"HUNGRY? 3 Outlines - G","sr":1,"ks":{"o":{"a":0,"k":100,"ix":11},"r":{"a":0,"k":0,"ix":10},"p":{"a":0,"k":[258.907,88.038,0],"ix":2,"l":2},"a":{"a":0,"k":[-16.203,-106.494,0],"ix":1,"l":2},"s":{"a":1,"k":[{"i":{"x":[0.48,0.48,0.48],"y":[1,1,1]},"o":{"x":[0.52,0.52,0.52],"y":[0,0,0]},"t":8,"s":[0,0,100]},{"i":{"x":[0.48,0.48,0.48],"y":[1,1,1]},"o":{"x":[0.52,0.52,0.52],"y":[0,0,0]},"t":24.443,"s":[110,110,100]},{"t":38.001953125,"s":[100,100,100]}],"ix":6,"l":2}},"ao":0,"hasMask":true,"masksProperties":[{"inv":false,"mode":"n","pt":{"a":0,"k":{"i":[[155.744,0],[0,-155.744],[-155.744,0],[0,155.744]],"o":[[-155.744,0],[0,155.744],[155.744,0],[0,-155.744]],"v":[[-34,-79],[-316,203],[-34,485],[248,203]],"c":true},"ix":1},"o":{"a":0,"k":100,"ix":3},"x":{"a":0,"k":0,"ix":4},"nm":"Mask 1"}],"ef":[{"ty":5,"nm":"Scale - Overshoot","np":3,"mn":"ADBE Slider Control","ix":1,"en":1,"ef":[{"ty":0,"nm":"Slider","mn":"ADBE Slider Control-0001","ix":1,"v":{"a":0,"k":10,"ix":1,"x":"var $bm_rt;\n$bm_rt = clamp(value, 0, 100);"}}]},{"ty":5,"nm":"Scale - Bounce","np":3,"mn":"ADBE Slider Control","ix":2,"en":1,"ef":[{"ty":0,"nm":"Slider","mn":"ADBE Slider Control-0001","ix":1,"v":{"a":0,"k":40,"ix":1,"x":"var $bm_rt;\n$bm_rt = clamp(value, 0, 100);"}}]},{"ty":5,"nm":"Scale - Friction","np":3,"mn":"ADBE Slider Control","ix":3,"en":1,"ef":[{"ty":0,"nm":"Slider","mn":"ADBE Slider Control-0001","ix":1,"v":{"a":0,"k":100,"ix":1,"x":"var $bm_rt;\n$bm_rt = clamp(value, 0, 100);"}}]}],"sy":[{"c":{"a":0,"k":[0.9931640625,0.466186523438,0.540618896484,1],"ix":2},"s":{"a":0,"k":5.1,"ix":3},"ty":0,"nm":"Stroke"}],"shapes":[{"ty":"gr","it":[{"ind":0,"ty":"sh","ix":1,"ks":{"a":0,"k":{"i":[[0.45,-0.401],[0.034,-0.585],[0,0],[-0.402,-0.45],[-0.587,-0.034],[0,0],[1.636,-1.054],[2.901,0.167],[1.532,1.225],[-0.116,2.014],[0,0],[-1.686,0.963],[-2.849,-0.164],[-1.554,-1.769],[-1.066,-0.061],[0,0],[-0.366,0.312],[-0.027,0.46],[2.443,3.014],[2.022,1.528],[3.486,1.15],[4.259,0.246],[5.747,-3.315],[1.747,-2.972],[0.231,-3.996],[0,0],[-5.291,-4.134],[-9.052,-0.522],[-5.737,3.596],[-0.467,8.094],[0,0],[0.401,0.451],[0.585,0.034],[0,0]],"o":[[-0.451,0.402],[0,0],[-0.034,0.587],[0.401,0.451],[0,0],[-0.143,1.542],[-1.637,1.055],[-2.903,-0.167],[-1.532,-1.225],[0,0],[0.096,-1.661],[1.685,-0.963],[2.848,0.164],[0.452,0.501],[0,0],[0.479,0.028],[0.365,-0.312],[0.127,-2.199],[-1.397,-1.722],[-2.023,-1.528],[-3.487,-1.15],[-8.573,-0.495],[-2.931,1.707],[-1.748,2.973],[0,0],[-0.461,7.994],[5.291,4.134],[9.051,0.522],[5.737,-3.596],[0,0],[0.034,-0.585],[-0.402,-0.45],[0,0],[-0.587,-0.034]],"v":[[-12.558,-112.136],[-13.285,-110.656],[-13.796,-101.791],[-13.245,-100.236],[-11.764,-99.51],[-6.812,-99.224],[-9.481,-95.331],[-16.289,-94.001],[-22.939,-96.089],[-25.063,-100.947],[-24.323,-113.784],[-21.652,-117.721],[-14.851,-118.92],[-8.247,-116.02],[-5.972,-115.177],[12.078,-114.136],[13.345,-114.563],[13.932,-115.722],[10.457,-123.542],[5.329,-128.417],[-2.933,-132.435],[-14.552,-134.528],[-36.031,-130.298],[-43.047,-123.281],[-46.014,-112.827],[-46.544,-103.637],[-39.3,-85.445],[-17.786,-78.462],[4.396,-83.072],[13.701,-100.605],[14.19,-109.071],[13.638,-110.625],[12.158,-111.352],[-11.004,-112.688]],"c":true},"ix":2},"nm":"G","mn":"ADBE Vector Shape - Group","hd":false},{"ty":"fl","c":{"a":0,"k":[1,1,1,1],"ix":4},"o":{"a":0,"k":100,"ix":5},"r":1,"bm":0,"nm":"Fill 1","mn":"ADBE Vector Graphic - Fill","hd":false},{"ty":"tr","p":{"a":0,"k":[0,0],"ix":2},"a":{"a":0,"k":[0,0],"ix":1},"s":{"a":0,"k":[100,100],"ix":3},"r":{"a":0,"k":0,"ix":6},"o":{"a":0,"k":100,"ix":7},"sk":{"a":0,"k":0,"ix":4},"sa":{"a":0,"k":0,"ix":5},"nm":"Transform"}],"nm":"G","np":3,"cix":2,"bm":0,"ix":1,"mn":"ADBE Vector Group","hd":false},{"ty":"st","c":{"a":0,"k":[0.991973876953,0.3759765625,0.462982177734,1],"ix":3},"o":{"a":0,"k":100,"ix":4},"w":{"a":0,"k":13,"ix":5},"lc":1,"lj":1,"ml":4,"bm":0,"nm":"Stroke 1","mn":"ADBE Vector Graphic - Stroke","hd":false}],"ip":6,"op":90,"st":6,"ct":1,"bm":0},{"ddd":0,"ind":5,"ty":4,"nm":"HUNGRY? 3 Outlines - R","sr":1,"ks":{"o":{"a":0,"k":100,"ix":11},"r":{"a":0,"k":0,"ix":10},"p":{"a":0,"k":[320.105,98.446,0],"ix":2,"l":2},"a":{"a":0,"k":[44.995,-96.086,0],"ix":1,"l":2},"s":{"a":1,"k":[{"i":{"x":[0.48,0.48,0.48],"y":[1,1,1]},"o":{"x":[0.52,0.52,0.52],"y":[0,0,0]},"t":11.998,"s":[0,0,100]},{"i":{"x":[0.48,0.48,0.48],"y":[1,1,1]},"o":{"x":[0.52,0.52,0.52],"y":[0,0,0]},"t":27.852,"s":[110,110,100]},{"t":42.001953125,"s":[100,100,100]}],"ix":6,"l":2}},"ao":0,"hasMask":true,"masksProperties":[{"inv":false,"mode":"n","pt":{"a":0,"k":{"i":[[155.744,0],[0,-155.744],[-155.744,0],[0,155.744]],"o":[[-155.744,0],[0,155.744],[155.744,0],[0,-155.744]],"v":[[-34,-79],[-316,203],[-34,485],[248,203]],"c":true},"ix":1},"o":{"a":0,"k":100,"ix":3},"x":{"a":0,"k":0,"ix":4},"nm":"Mask 1"}],"ef":[{"ty":5,"nm":"Scale - Overshoot","np":3,"mn":"ADBE Slider Control","ix":1,"en":1,"ef":[{"ty":0,"nm":"Slider","mn":"ADBE Slider Control-0001","ix":1,"v":{"a":0,"k":10,"ix":1,"x":"var $bm_rt;\n$bm_rt = clamp(value, 0, 100);"}}]},{"ty":5,"nm":"Scale - Bounce","np":3,"mn":"ADBE Slider Control","ix":2,"en":1,"ef":[{"ty":0,"nm":"Slider","mn":"ADBE Slider Control-0001","ix":1,"v":{"a":0,"k":40,"ix":1,"x":"var $bm_rt;\n$bm_rt = clamp(value, 0, 100);"}}]},{"ty":5,"nm":"Scale - Friction","np":3,"mn":"ADBE Slider Control","ix":3,"en":1,"ef":[{"ty":0,"nm":"Slider","mn":"ADBE Slider Control-0001","ix":1,"v":{"a":0,"k":100,"ix":1,"x":"var $bm_rt;\n$bm_rt = clamp(value, 0, 100);"}}]}],"sy":[{"c":{"a":0,"k":[0.9931640625,0.466186523438,0.540618896484,1],"ix":2},"s":{"a":0,"k":5.1,"ix":3},"ty":0,"nm":"Stroke"}],"shapes":[{"ty":"gr","it":[{"ind":0,"ty":"sh","ix":1,"ks":{"a":0,"k":{"i":[[0,0],[-1.872,7.008],[3.227,4.451],[7.059,1.885],[0,0],[0.522,-0.302],[0.151,-0.566],[0,0],[-0.303,-0.522],[-0.568,-0.152],[0,0],[-0.523,0.303],[-0.152,0.568],[0,0],[0,0],[0,0],[-1.546,-0.413],[0,0],[-0.425,0.246],[-0.096,0.361],[0.047,0.234]],"o":[[6.25,-1.697],[1.541,-5.77],[-3.229,-4.45],[0,0],[-0.568,-0.152],[-0.523,0.303],[0,0],[-0.152,0.568],[0.302,0.523],[0,0],[0.566,0.151],[0.522,-0.302],[0,0],[0,0],[0,0],[0.274,1.454],[0,0],[0.464,0.124],[0.424,-0.245],[0.096,-0.36],[0,0]],"v":[[64.48,-84.267],[76.662,-97.325],[74.133,-112.657],[58.702,-122.161],[28.636,-130.191],[27.003,-129.965],[25.992,-128.661],[12.657,-78.732],[12.883,-77.098],[14.186,-76.087],[30.881,-71.628],[32.515,-71.855],[33.525,-73.158],[37.571,-88.307],[44.064,-86.573],[46.778,-69.453],[49.508,-66.653],[67.053,-61.968],[68.385,-62.15],[69.166,-63.059],[69.239,-63.951]],"c":true},"ix":2},"nm":"R","mn":"ADBE Vector Shape - Group","hd":false},{"ind":1,"ty":"sh","ix":2,"ks":{"a":0,"k":{"i":[[0,0],[-0.366,-1.009],[0.303,-1.133],[0.818,-0.581],[1.133,0.303],[0,0],[0,0]],"o":[[1.185,0.316],[0.365,1.008],[-0.303,1.134],[-0.818,0.582],[0,0],[0,0],[0,0]],"v":[[53.24,-108.218],[55.566,-106.231],[55.66,-103.018],[53.979,-100.444],[51.052,-100.025],[41.39,-102.606],[43.578,-110.799]],"c":true},"ix":2},"nm":"R","mn":"ADBE Vector Shape - Group","hd":false},{"ty":"mm","mm":1,"nm":"Merge Paths 1","mn":"ADBE Vector Filter - Merge","hd":false},{"ty":"fl","c":{"a":0,"k":[1,1,1,1],"ix":4},"o":{"a":0,"k":100,"ix":5},"r":1,"bm":0,"nm":"Fill 1","mn":"ADBE Vector Graphic - Fill","hd":false},{"ty":"tr","p":{"a":0,"k":[0,0],"ix":2},"a":{"a":0,"k":[0,0],"ix":1},"s":{"a":0,"k":[100,100],"ix":3},"r":{"a":0,"k":0,"ix":6},"o":{"a":0,"k":100,"ix":7},"sk":{"a":0,"k":0,"ix":4},"sa":{"a":0,"k":0,"ix":5},"nm":"Transform"}],"nm":"R","np":5,"cix":2,"bm":0,"ix":1,"mn":"ADBE Vector Group","hd":false},{"ty":"st","c":{"a":0,"k":[0.991973876953,0.3759765625,0.462982177734,1],"ix":3},"o":{"a":0,"k":100,"ix":4},"w":{"a":0,"k":13,"ix":5},"lc":1,"lj":1,"ml":4,"bm":0,"nm":"Stroke 1","mn":"ADBE Vector Graphic - Stroke","hd":false}],"ip":8,"op":92,"st":8,"ct":1,"bm":0},{"ddd":0,"ind":6,"ty":4,"nm":"HUNGRY? 3 Outlines - Y","sr":1,"ks":{"o":{"a":0,"k":100,"ix":11},"r":{"a":0,"k":0,"ix":10},"p":{"a":0,"k":[388.273,115.227,0],"ix":2,"l":2},"a":{"a":0,"k":[113.163,-79.304,0],"ix":1,"l":2},"s":{"a":1,"k":[{"i":{"x":[0.48,0.48,0.48],"y":[1,1,1]},"o":{"x":[0.52,0.52,0.52],"y":[0,0,0]},"t":15.998,"s":[0,0,100]},{"i":{"x":[0.48,0.48,0.48],"y":[1,1,1]},"o":{"x":[0.52,0.52,0.52],"y":[0,0,0]},"t":31.26,"s":[110,110,100]},{"t":46,"s":[100,100,100]}],"ix":6,"l":2}},"ao":0,"hasMask":true,"masksProperties":[{"inv":false,"mode":"n","pt":{"a":0,"k":{"i":[[155.744,0],[0,-155.744],[-155.744,0],[0,155.744]],"o":[[-155.744,0],[0,155.744],[155.744,0],[0,-155.744]],"v":[[-34,-79],[-316,203],[-34,485],[248,203]],"c":true},"ix":1},"o":{"a":0,"k":100,"ix":3},"x":{"a":0,"k":0,"ix":4},"nm":"Mask 1"}],"ef":[{"ty":5,"nm":"Scale - Overshoot","np":3,"mn":"ADBE Slider Control","ix":1,"en":1,"ef":[{"ty":0,"nm":"Slider","mn":"ADBE Slider Control-0001","ix":1,"v":{"a":0,"k":10,"ix":1,"x":"var $bm_rt;\n$bm_rt = clamp(value, 0, 100);"}}]},{"ty":5,"nm":"Scale - Bounce","np":3,"mn":"ADBE Slider Control","ix":2,"en":1,"ef":[{"ty":0,"nm":"Slider","mn":"ADBE Slider Control-0001","ix":1,"v":{"a":0,"k":40,"ix":1,"x":"var $bm_rt;\n$bm_rt = clamp(value, 0, 100);"}}]},{"ty":5,"nm":"Scale - Friction","np":3,"mn":"ADBE Slider Control","ix":3,"en":1,"ef":[{"ty":0,"nm":"Slider","mn":"ADBE Slider Control-0001","ix":1,"v":{"a":0,"k":100,"ix":1,"x":"var $bm_rt;\n$bm_rt = clamp(value, 0, 100);"}}]}],"sy":[{"c":{"a":0,"k":[0.9931640625,0.466186523438,0.540618896484,1],"ix":2},"s":{"a":0,"k":5.1,"ix":3},"ty":0,"nm":"Stroke"}],"shapes":[{"ty":"gr","it":[{"ind":0,"ty":"sh","ix":1,"ks":{"a":0,"k":{"i":[[1.313,-0.832],[0,0],[0,0],[1.334,0.67],[0,0],[0.465,-0.154],[0.167,-0.333],[0.001,-0.358],[0,0],[0,0],[-0.191,-0.573],[-0.525,-0.264],[0,0],[-0.574,0.19],[-0.264,0.525],[0,0],[0,0],[-0.168,0.334],[0.153,0.466],[0.429,0.215],[0,0]],"o":[[0,0],[0,0],[-0.07,-1.407],[0,0],[-0.429,-0.215],[-0.467,0.155],[-0.168,0.334],[0,0],[0,0],[-0.264,0.525],[0.189,0.573],[0,0],[0.524,0.263],[0.572,-0.19],[0,0],[0,0],[0.287,-0.214],[0.167,-0.333],[-0.155,-0.465],[0,0],[-1.287,-0.646]],"v":[[123.9,-93.761],[108.569,-83.915],[107.601,-102.127],[105.495,-105.244],[90.411,-112.82],[89.07,-112.912],[88.12,-112.181],[87.868,-111.143],[90.838,-72.32],[82.831,-56.378],[82.72,-54.732],[83.791,-53.478],[99.018,-45.83],[100.664,-45.719],[101.918,-46.79],[109.926,-62.732],[142.914,-83.494],[143.596,-84.316],[143.616,-85.515],[142.741,-86.536],[127.8,-94.041]],"c":true},"ix":2},"nm":"Y","mn":"ADBE Vector Shape - Group","hd":false},{"ty":"fl","c":{"a":0,"k":[1,1,1,1],"ix":4},"o":{"a":0,"k":100,"ix":5},"r":1,"bm":0,"nm":"Fill 1","mn":"ADBE Vector Graphic - Fill","hd":false},{"ty":"tr","p":{"a":0,"k":[0,0],"ix":2},"a":{"a":0,"k":[0,0],"ix":1},"s":{"a":0,"k":[100,100],"ix":3},"r":{"a":0,"k":0,"ix":6},"o":{"a":0,"k":100,"ix":7},"sk":{"a":0,"k":0,"ix":4},"sa":{"a":0,"k":0,"ix":5},"nm":"Transform"}],"nm":"Y","np":3,"cix":2,"bm":0,"ix":1,"mn":"ADBE Vector Group","hd":false},{"ty":"st","c":{"a":0,"k":[0.991973876953,0.3759765625,0.462982177734,1],"ix":3},"o":{"a":0,"k":100,"ix":4},"w":{"a":0,"k":13,"ix":5},"lc":1,"lj":1,"ml":4,"bm":0,"nm":"Stroke 1","mn":"ADBE Vector Graphic - Stroke","hd":false}],"ip":10,"op":94,"st":10,"ct":1,"bm":0},{"ddd":0,"ind":7,"ty":4,"nm":"HUNGRY? 3 Outlines - ?","sr":1,"ks":{"o":{"a":0,"k":100,"ix":11},"r":{"a":0,"k":0,"ix":10},"p":{"a":0,"k":[435.593,152.52,0],"ix":2,"l":2},"a":{"a":0,"k":[160.483,-42.011,0],"ix":1,"l":2},"s":{"a":1,"k":[{"i":{"x":[0.48,0.48,0.48],"y":[1,1,1]},"o":{"x":[0.52,0.52,0.52],"y":[0,0,0]},"t":19.998,"s":[0,0,100]},{"i":{"x":[0.48,0.48,0.48],"y":[1,1,1]},"o":{"x":[0.52,0.52,0.52],"y":[0,0,0]},"t":34.666,"s":[110,110,100]},{"t":50,"s":[100,100,100]}],"ix":6,"l":2}},"ao":0,"hasMask":true,"masksProperties":[{"inv":false,"mode":"n","pt":{"a":0,"k":{"i":[[155.744,0],[0,-155.744],[-155.744,0],[0,155.744]],"o":[[-155.744,0],[0,155.744],[155.744,0],[0,-155.744]],"v":[[-34,-79],[-316,203],[-34,485],[248,203]],"c":true},"ix":1},"o":{"a":0,"k":100,"ix":3},"x":{"a":0,"k":0,"ix":4},"nm":"Mask 1"}],"ef":[{"ty":5,"nm":"Scale - Overshoot","np":3,"mn":"ADBE Slider Control","ix":1,"en":1,"ef":[{"ty":0,"nm":"Slider","mn":"ADBE Slider Control-0001","ix":1,"v":{"a":0,"k":10,"ix":1,"x":"var $bm_rt;\n$bm_rt = clamp(value, 0, 100);"}}]},{"ty":5,"nm":"Scale - Bounce","np":3,"mn":"ADBE Slider Control","ix":2,"en":1,"ef":[{"ty":0,"nm":"Slider","mn":"ADBE Slider Control-0001","ix":1,"v":{"a":0,"k":40,"ix":1,"x":"var $bm_rt;\n$bm_rt = clamp(value, 0, 100);"}}]},{"ty":5,"nm":"Scale - Friction","np":3,"mn":"ADBE Slider Control","ix":3,"en":1,"ef":[{"ty":0,"nm":"Slider","mn":"ADBE Slider Control-0001","ix":1,"v":{"a":0,"k":100,"ix":1,"x":"var $bm_rt;\n$bm_rt = clamp(value, 0, 100);"}}]}],"sy":[{"c":{"a":0,"k":[0.9931640625,0.466186523438,0.540618896484,1],"ix":2},"s":{"a":0,"k":5.1,"ix":3},"ty":0,"nm":"Stroke"}],"shapes":[{"ty":"gr","it":[{"ind":0,"ty":"sh","ix":1,"ks":{"a":0,"k":{"i":[[2.789,-0.091],[2.69,-3.406],[0,0],[0.002,-0.605],[-0.461,-0.364],[0,0],[-0.723,0.055],[-0.489,0.404],[-0.849,-0.044],[-1.047,-0.827],[1.185,-1.501],[4.709,0.492],[2.174,-0.258],[1.41,-0.927],[0.192,-0.243],[-0.075,-0.421],[-0.293,-0.232],[0,0],[-0.777,0.122],[-1.034,0.319],[-2.195,0.069],[-1.766,0.042],[-2.012,0.783],[-1.299,1.645],[0.627,4.369],[2.091,2.988],[3.662,2.892],[3.535,1.375]],"o":[[-5.613,0.222],[0,0],[-0.394,0.499],[-0.003,0.605],[0,0],[0.753,0.595],[0.722,-0.055],[0.488,-0.404],[0.847,0.045],[1.841,1.454],[-0.865,1.095],[-1.823,-0.188],[-2.175,0.257],[-0.139,0.089],[-0.192,0.243],[0.074,0.422],[0,0],[0.586,0.463],[0.255,-0.065],[1.033,-0.32],[2.195,-0.069],[1.765,-0.041],[2.01,-0.783],[1.917,-2.427],[-0.334,-2.333],[-2.093,-2.987],[-3.663,-2.893],[-3.536,-1.375]],"v":[[155.298,-70.624],[142.844,-65.181],[142.795,-65.119],[142.2,-63.462],[142.888,-62.01],[155.821,-51.796],[158.036,-50.986],[159.853,-51.673],[161.86,-52.213],[164.702,-50.907],[165.686,-46.474],[157.326,-45.57],[151.33,-45.463],[145.951,-43.687],[145.455,-43.188],[145.28,-42.191],[145.832,-41.212],[160.523,-29.61],[162.566,-29.099],[164.499,-29.675],[169.343,-30.258],[175.284,-30.424],[180.95,-31.66],[185.915,-35.301],[187.849,-45.495],[184.212,-53.475],[175.581,-62.295],[164.785,-68.697]],"c":true},"ix":2},"nm":"?","mn":"ADBE Vector Shape - Group","hd":false},{"ind":1,"ty":"sh","ix":2,"ks":{"a":0,"k":{"i":[[0.599,-0.07],[0.363,-0.46],[0,0],[-0.071,-0.599],[-0.461,-0.364],[0,0],[-0.6,0.071],[-0.364,0.461],[0,0],[0.07,0.6],[0.46,0.363],[0,0]],"o":[[-0.6,0.071],[0,0],[-0.364,0.461],[0.07,0.6],[0,0],[0.46,0.363],[0.599,-0.07],[0,0],[0.363,-0.46],[-0.071,-0.599],[0,0],[-0.461,-0.364]],"v":[[143.166,-38.353],[141.722,-37.556],[133.342,-26.946],[132.902,-25.357],[133.699,-23.912],[146.443,-13.847],[148.033,-13.407],[149.477,-14.204],[157.857,-24.814],[158.296,-26.403],[157.5,-27.848],[144.755,-37.913]],"c":true},"ix":2},"nm":"?","mn":"ADBE Vector Shape - Group","hd":false},{"ty":"mm","mm":1,"nm":"Merge Paths 1","mn":"ADBE Vector Filter - Merge","hd":false},{"ty":"fl","c":{"a":0,"k":[1,1,1,1],"ix":4},"o":{"a":0,"k":100,"ix":5},"r":1,"bm":0,"nm":"Fill 1","mn":"ADBE Vector Graphic - Fill","hd":false},{"ty":"tr","p":{"a":0,"k":[0,0],"ix":2},"a":{"a":0,"k":[0,0],"ix":1},"s":{"a":0,"k":[100,100],"ix":3},"r":{"a":0,"k":0,"ix":6},"o":{"a":0,"k":100,"ix":7},"sk":{"a":0,"k":0,"ix":4},"sa":{"a":0,"k":0,"ix":5},"nm":"Transform"}],"nm":"?","np":5,"cix":2,"bm":0,"ix":1,"mn":"ADBE Vector Group","hd":false},{"ty":"st","c":{"a":0,"k":[0.991973876953,0.3759765625,0.462982177734,1],"ix":3},"o":{"a":0,"k":100,"ix":4},"w":{"a":0,"k":13,"ix":5},"lc":1,"lj":1,"ml":4,"bm":0,"nm":"Stroke 1","mn":"ADBE Vector Graphic - Stroke","hd":false}],"ip":12,"op":96,"st":12,"ct":1,"bm":0},{"ddd":0,"ind":10,"ty":0,"nm":"butsari5","refId":"comp_0","sr":1,"ks":{"o":{"a":0,"k":100,"ix":11},"r":{"a":0,"k":0,"ix":10},"p":{"a":0,"k":[256,284,0],"ix":2,"l":2},"a":{"a":0,"k":[101,199,0],"ix":1,"l":2},"s":{"a":0,"k":[122,122,100],"ix":6,"l":2}},"ao":0,"tm":{"a":1,"k":[{"i":{"x":[0.184],"y":[1]},"o":{"x":[0.167],"y":[0.167]},"t":0,"s":[0]},{"t":84,"s":[1.36]}],"ix":2},"w":202,"h":398,"ip":0,"op":84,"st":0,"ct":1,"bm":0}],"markers":[]}