{"v":"5.9.6","fr":60,"ip":0,"op":81,"w":1000,"h":1000,"nm":"Pre-comp 3","ddd":0,"assets":[{"id":"comp_0","nm":"Pre-comp 2","fr":60,"layers":[{"ddd":0,"ind":1,"ty":3,"nm":"Null 8","sr":1,"ks":{"o":{"a":0,"k":0,"ix":11},"r":{"a":0,"k":0,"ix":10},"p":{"a":1,"k":[{"i":{"x":0.12,"y":1},"o":{"x":0.88,"y":0},"t":0,"s":[500,242,0],"to":[0,120.167,0],"ti":[0,0,0]},{"i":{"x":0.12,"y":1},"o":{"x":0.88,"y":0},"t":40,"s":[500,963,0],"to":[0,0,0],"ti":[0,120.167,0]},{"t":80,"s":[500,242,0]}],"ix":2,"l":2},"a":{"a":0,"k":[0,0,0],"ix":1,"l":2},"s":{"a":0,"k":[100,100,100],"ix":6,"l":2}},"ao":0,"ip":0,"op":300,"st":0,"bm":0},{"ddd":0,"ind":2,"ty":5,"nm":"PLEASE 2","parent":1,"sr":1,"ks":{"o":{"a":0,"k":100,"ix":11},"r":{"a":0,"k":0,"ix":10},"p":{"a":0,"k":[0,0,0],"ix":2,"l":2},"a":{"a":0,"k":[0,0,0],"ix":1,"l":2},"s":{"a":1,"k":[{"i":{"x":[0.12,0.12,0.12],"y":[1,1,1]},"o":{"x":[0.167,0.167,0.167],"y":[0.167,0.167,0]},"t":60,"s":[65,131,100]},{"t":80,"s":[100,100,100]}],"ix":6,"l":2}},"ao":0,"t":{"d":{"k":[{"s":{"s":198,"f":"NexaBlack","t":"PLEASE","ca":0,"j":2,"tr":0,"lh":88,"ls":0,"fc":[0.055,0.055,0.055],"sc":[1,1,1],"sw":0.00999999977648,"of":true},"t":0}]},"p":{},"m":{"g":1,"a":{"a":0,"k":[0,0],"ix":2}},"a":[]},"ip":60,"op":83,"st":60,"ct":1,"bm":0},{"ddd":0,"ind":3,"ty":5,"nm":"PLEASE","parent":1,"sr":1,"ks":{"o":{"a":0,"k":100,"ix":11},"r":{"a":0,"k":0,"ix":10},"p":{"a":0,"k":[0,0,0],"ix":2,"l":2},"a":{"a":0,"k":[0,0,0],"ix":1,"l":2},"s":{"a":1,"k":[{"i":{"x":[0.833,0.833,0.833],"y":[0.833,0.833,1]},"o":{"x":[0.88,0.88,0.88],"y":[0,0,0]},"t":0,"s":[100,100,100]},{"t":18,"s":[65,131,100]}],"ix":6,"l":2}},"ao":0,"t":{"d":{"k":[{"s":{"s":198,"f":"NexaBlack","t":"PLEASE","ca":0,"j":2,"tr":0,"lh":88,"ls":0,"fc":[0.055,0.055,0.055],"sc":[1,1,1],"sw":0.00999999977648,"of":true},"t":0}]},"p":{},"m":{"g":1,"a":{"a":0,"k":[0,0],"ix":2}},"a":[]},"ip":0,"op":19,"st":0,"ct":1,"bm":0},{"ddd":0,"ind":4,"ty":5,"nm":"WAIT 2","parent":1,"sr":1,"ks":{"o":{"a":0,"k":100,"ix":11},"r":{"a":0,"k":0,"ix":10},"p":{"a":0,"k":[-22,0,0],"ix":2,"l":2},"a":{"a":0,"k":[0,0,0],"ix":1,"l":2},"s":{"a":1,"k":[{"i":{"x":[0.12,0.12,0.12],"y":[1,1,1]},"o":{"x":[0.167,0.167,0.167],"y":[0,0.167,0]},"t":19,"s":[100,131,100]},{"i":{"x":[0.833,0.833,0.833],"y":[1,0.833,1]},"o":{"x":[0.88,0.88,0.88],"y":[0,0,0]},"t":40,"s":[100,100,100]},{"t":59,"s":[100,131,100]}],"ix":6,"l":2}},"ao":0,"t":{"d":{"k":[{"s":{"s":198,"f":"NexaBlack","t":"WAIT","ca":0,"j":2,"tr":0,"lh":88,"ls":0,"fc":[0.055,0.055,0.055],"sc":[1,1,1],"sw":0.00999999977648,"of":true},"t":0}]},"p":{},"m":{"g":1,"a":{"a":0,"k":[0,0],"ix":2}},"a":[]},"ip":19,"op":60,"st":0,"ct":1,"bm":0}]}],"fonts":{"list":[{"fName":"NexaBlack","fFamily":"Nexa Black","fStyle":"Regular","ascent":70.0096948239952}]},"layers":[{"ddd":0,"ind":1,"ty":0,"nm":"Pre-comp 2","refId":"comp_0","sr":1,"ks":{"o":{"a":0,"k":100,"ix":11},"r":{"a":0,"k":0,"ix":10},"p":{"a":0,"k":[500,500,0],"ix":2,"l":2},"a":{"a":0,"k":[500,500,0],"ix":1,"l":2},"s":{"a":0,"k":[100,100,100],"ix":6,"l":2}},"ao":0,"w":1000,"h":1000,"ip":1,"op":301,"st":1,"bm":0},{"ddd":0,"ind":2,"ty":0,"nm":"Pre-comp 2","refId":"comp_0","sr":1,"ks":{"o":{"a":0,"k":100,"ix":11},"r":{"a":0,"k":0,"ix":10},"p":{"a":0,"k":[500,500,0],"ix":2,"l":2},"a":{"a":0,"k":[500,500,0],"ix":1,"l":2},"s":{"a":0,"k":[100,100,100],"ix":6,"l":2}},"ao":0,"w":1000,"h":1000,"ip":0,"op":300,"st":0,"bm":0}],"markers":[],"chars":[{"ch":"W","size":198,"style":"Regular","w":106.6,"data":{"shapes":[{"ty":"gr","it":[{"ind":0,"ty":"sh","ix":1,"ks":{"a":0,"k":{"i":[[0,0],[0,0],[0,0],[1.007,-5.338],[0,0],[0,0],[0,0],[1.712,5.338],[0,0],[0,0],[0,0],[0,0],[0,0],[0,0],[0,0]],"o":[[0,0],[0,0],[-1.611,5.841],[0,0],[0,0],[0,0],[-1.007,-5.237],[0,0],[0,0],[0,0],[0,0],[0,0],[0,0],[0,0],[0,0]],"v":[[107.959,-70.496],[86.206,-70.496],[77.747,-46.225],[73.819,-29.407],[60.425,-70.496],[46.628,-70.496],[33.636,-29.407],[29.91,-45.721],[20.847,-70.496],[-0.906,-70.496],[25.378,-0.101],[41.492,-0.101],[53.577,-33.838],[66.064,-0.101],[82.278,-0.101]],"c":true},"ix":2},"nm":"W","mn":"ADBE Vector Shape - Group","hd":false}],"nm":"W","np":3,"cix":2,"bm":0,"ix":1,"mn":"ADBE Vector Group","hd":false}]},"fFamily":"Nexa Black"},{"ch":"A","size":198,"style":"Regular","w":79.7,"data":{"shapes":[{"ty":"gr","it":[{"ind":0,"ty":"sh","ix":1,"ks":{"a":0,"k":{"i":[[0,0],[0,0],[0,0],[0,0],[0,0],[0,0],[0,0],[0,0]],"o":[[0,0],[0,0],[0,0],[0,0],[0,0],[0,0],[0,0],[0,0]],"v":[[60.425,0],[81.775,0],[50.253,-70.496],[30.112,-70.496],[-1.511,0],[19.638,0],[24.271,-11.581],[55.792,-11.581]],"c":true},"ix":2},"nm":"A","mn":"ADBE Vector Shape - Group","hd":false},{"ind":1,"ty":"sh","ix":2,"ks":{"a":0,"k":{"i":[[0,0],[0,0],[0,0]],"o":[[0,0],[0,0],[0,0]],"v":[[49.045,-28.299],[31.018,-28.299],[40.082,-50.757]],"c":true},"ix":2},"nm":"A","mn":"ADBE Vector Shape - Group","hd":false}],"nm":"A","np":5,"cix":2,"bm":0,"ix":1,"mn":"ADBE Vector Group","hd":false}]},"fFamily":"Nexa Black"},{"ch":"I","size":198,"style":"Regular","w":33.9,"data":{"shapes":[{"ty":"gr","it":[{"ind":0,"ty":"sh","ix":1,"ks":{"a":0,"k":{"i":[[0,0],[0,0],[0,0],[0,0]],"o":[[0,0],[0,0],[0,0],[0,0]],"v":[[26.99,0],[26.99,-70.496],[7.15,-70.496],[7.15,0]],"c":true},"ix":2},"nm":"I","mn":"ADBE Vector Shape - Group","hd":false}],"nm":"I","np":3,"cix":2,"bm":0,"ix":1,"mn":"ADBE Vector Group","hd":false}]},"fFamily":"Nexa Black"},{"ch":"T","size":198,"style":"Regular","w":63.6,"data":{"shapes":[{"ty":"gr","it":[{"ind":0,"ty":"sh","ix":1,"ks":{"a":0,"k":{"i":[[0,0],[0,0],[0,0],[0,0],[0,0],[0,0],[0,0],[0,0]],"o":[[0,0],[0,0],[0,0],[0,0],[0,0],[0,0],[0,0],[0,0]],"v":[[22.055,0],[41.895,0],[41.895,-54.08],[62.54,-54.08],[62.54,-70.496],[1.511,-70.496],[1.511,-54.08],[22.055,-54.08]],"c":true},"ix":2},"nm":"T","mn":"ADBE Vector Shape - Group","hd":false}],"nm":"T","np":3,"cix":2,"bm":0,"ix":1,"mn":"ADBE Vector Group","hd":false}]},"fFamily":"Nexa Black"},{"ch":"P","size":198,"style":"Regular","w":70.9,"data":{"shapes":[{"ty":"gr","it":[{"ind":0,"ty":"sh","ix":1,"ks":{"a":0,"k":{"i":[[0,0],[0,0],[0,-4.633],[5.539,0],[0,0]],"o":[[0,0],[5.438,0],[0,4.633],[0,0],[0,0]],"v":[[27.09,-53.375],[41.391,-53.375],[49.75,-44.513],[41.391,-35.852],[27.09,-35.852]],"c":true},"ix":2},"nm":"P","mn":"ADBE Vector Shape - Group","hd":false},{"ind":1,"ty":"sh","ix":2,"ks":{"a":0,"k":{"i":[[0,0],[0,14.401],[18.933,0],[0,0],[0,0],[0,0],[0,0]],"o":[[18.832,-0.201],[0,-13.797],[0,0],[0,0],[0,0],[0,0],[0,0]],"v":[[41.391,-19.034],[69.69,-44.815],[41.391,-70.496],[7.15,-70.496],[7.15,0],[27.09,0],[27.09,-19.034]],"c":true},"ix":2},"nm":"P","mn":"ADBE Vector Shape - Group","hd":false}],"nm":"P","np":5,"cix":2,"bm":0,"ix":1,"mn":"ADBE Vector Group","hd":false}]},"fFamily":"Nexa Black"},{"ch":"L","size":198,"style":"Regular","w":62,"data":{"shapes":[{"ty":"gr","it":[{"ind":0,"ty":"sh","ix":1,"ks":{"a":0,"k":{"i":[[0,0],[0,0],[0,0],[0,0],[0,0],[0,0]],"o":[[0,0],[0,0],[0,0],[0,0],[0,0],[0,0]],"v":[[7.15,-70.496],[7.15,0],[60.828,0],[60.828,-16.919],[27.09,-16.919],[27.09,-70.496]],"c":true},"ix":2},"nm":"L","mn":"ADBE Vector Shape - Group","hd":false}],"nm":"L","np":3,"cix":2,"bm":0,"ix":1,"mn":"ADBE Vector Group","hd":false}]},"fFamily":"Nexa Black"},{"ch":"E","size":198,"style":"Regular","w":67.2,"data":{"shapes":[{"ty":"gr","it":[{"ind":0,"ty":"sh","ix":1,"ks":{"a":0,"k":{"i":[[0,0],[0,0],[0,0],[0,0],[0,0],[0,0],[0,0],[0,0],[0,0],[0,0],[0,0],[0,0]],"o":[[0,0],[0,0],[0,0],[0,0],[0,0],[0,0],[0,0],[0,0],[0,0],[0,0],[0,0],[0,0]],"v":[[63.547,-16.818],[26.788,-16.818],[26.788,-27.493],[60.123,-27.493],[60.123,-43.707],[26.788,-43.707],[26.788,-53.778],[62.137,-53.778],[62.137,-70.496],[7.15,-70.496],[7.15,0],[63.547,0]],"c":true},"ix":2},"nm":"E","mn":"ADBE Vector Shape - Group","hd":false}],"nm":"E","np":3,"cix":2,"bm":0,"ix":1,"mn":"ADBE Vector Group","hd":false}]},"fFamily":"Nexa Black"},{"ch":"S","size":198,"style":"Regular","w":66.6,"data":{"shapes":[{"ty":"gr","it":[{"ind":0,"ty":"sh","ix":1,"ks":{"a":0,"k":{"i":[[0,0],[10.574,0],[0,-14.905],[-15.408,-1.41],[0,-3.525],[6.546,0],[6.949,6.747],[0,0],[-12.689,0.101],[0,16.013],[13.998,1.511],[0,4.834],[-4.834,0],[-4.834,-3.625]],"o":[[-7.553,-5.942],[-14.905,0],[0,17.523],[7.755,0.705],[0,3.928],[-5.942,0],[0,0],[9.769,10.272],[15.811,-0.101],[0,-16.214],[-6.949,-0.705],[0,-3.726],[6.143,0],[0,0]],"v":[[60.425,-63.547],[34.039,-71.906],[4.532,-50.555],[33.234,-27.695],[45.016,-21.249],[33.939,-15.005],[13.293,-22.961],[2.316,-10.373],[33.838,2.014],[64.755,-20.947],[36.154,-44.312],[24.472,-50.555],[34.039,-55.792],[50.555,-50.958]],"c":true},"ix":2},"nm":"S","mn":"ADBE Vector Shape - Group","hd":false}],"nm":"S","np":3,"cix":2,"bm":0,"ix":1,"mn":"ADBE Vector Group","hd":false}]},"fFamily":"Nexa Black"}]}