{"v":"5.7.4","fr":30,"ip":0,"op":90,"w":1000,"h":1000,"nm":"Closed","ddd":0,"assets":[],"layers":[{"ddd":0,"ind":1,"ty":4,"nm":"Closed Outlines","sr":1,"ks":{"o":{"a":0,"k":100,"ix":11},"r":{"a":1,"k":[{"i":{"x":[0.833],"y":[1]},"o":{"x":[0.167],"y":[0]},"t":4,"s":[0]},{"i":{"x":[0.833],"y":[1]},"o":{"x":[0.167],"y":[0]},"t":16,"s":[-8]},{"i":{"x":[0.833],"y":[1]},"o":{"x":[0.167],"y":[0]},"t":30,"s":[8]},{"i":{"x":[0.833],"y":[1]},"o":{"x":[0.167],"y":[0]},"t":47,"s":[-8]},{"i":{"x":[0.833],"y":[1]},"o":{"x":[0.167],"y":[0]},"t":64,"s":[4]},{"t":84,"s":[0]}],"ix":10},"p":{"a":0,"k":[497.877,284.55,0],"ix":2,"l":2},"a":{"a":0,"k":[150,36,0],"ix":1,"l":2},"s":{"a":0,"k":[189,189,100],"ix":6,"l":2}},"ao":0,"shapes":[{"ty":"gr","it":[{"ind":0,"ty":"sh","ix":1,"ks":{"a":0,"k":{"i":[[-1.509,1.48],[0,2.709],[1.508,1.508],[2.709,0],[0,0],[0,0],[0,0]],"o":[[1.508,-1.479],[0,-2.709],[-1.509,-1.508],[0,0],[0,0],[0,0],[2.709,0]],"v":[[3.665,6.284],[5.927,0.001],[3.665,-6.326],[-2.661,-8.587],[-6.054,-8.587],[-6.054,8.505],[-2.661,8.505]],"c":true},"ix":2},"nm":"Path 1","mn":"ADBE Vector Shape - Group","hd":false},{"ind":1,"ty":"sh","ix":2,"ks":{"a":0,"k":{"i":[[-2.319,-1.229],[-1.271,-2.219],[0,-2.905],[1.27,-2.235],[2.331,-1.228],[3.072,0],[0,0],[0,0],[0,0]],"o":[[2.318,1.229],[1.27,2.221],[0,2.876],[-1.271,2.234],[-2.332,1.23],[0,0],[0,0],[0,0],[3.1,0]],"v":[[5.927,-12.861],[11.31,-7.688],[13.216,0.001],[11.31,7.667],[5.906,12.861],[-2.2,14.704],[-13.217,14.704],[-13.217,-14.703],[-2.2,-14.703]],"c":true},"ix":2},"nm":"Path 2","mn":"ADBE Vector Shape - Group","hd":false},{"ty":"mm","mm":1,"nm":"Merge Paths 1","mn":"ADBE Vector Filter - Merge","hd":false},{"ty":"fl","c":{"a":0,"k":[0.999999940162,0.999999940162,1,1],"ix":4},"o":{"a":0,"k":100,"ix":5},"r":1,"bm":0,"nm":"Fill 1","mn":"ADBE Vector Graphic - Fill","hd":false},{"ty":"tr","p":{"a":0,"k":[217.212,205.911],"ix":2},"a":{"a":0,"k":[0,0],"ix":1},"s":{"a":0,"k":[100,100],"ix":3},"r":{"a":0,"k":0,"ix":6},"o":{"a":0,"k":100,"ix":7},"sk":{"a":0,"k":0,"ix":4},"sa":{"a":0,"k":0,"ix":5},"nm":"Transform"}],"nm":"Group 1","np":4,"cix":2,"bm":0,"ix":1,"mn":"ADBE Vector Group","hd":false},{"ty":"gr","it":[{"ind":0,"ty":"sh","ix":1,"ks":{"a":0,"k":{"i":[[0,0],[0,0],[0,0],[0,0],[0,0],[0,0],[0,0],[0,0],[0,0],[0,0],[0,0],[0,0]],"o":[[0,0],[0,0],[0,0],[0,0],[0,0],[0,0],[0,0],[0,0],[0,0],[0,0],[0,0],[0,0]],"v":[[-1.843,-8.965],[-1.843,-3.016],[7.749,-3.016],[7.749,2.514],[-1.843,2.514],[-1.843,8.965],[9.007,8.965],[9.007,14.703],[-9.007,14.703],[-9.007,-14.703],[9.007,-14.703],[9.007,-8.965]],"c":true},"ix":2},"nm":"Path 1","mn":"ADBE Vector Shape - Group","hd":false},{"ty":"fl","c":{"a":0,"k":[0.999999940162,0.999999940162,1,1],"ix":4},"o":{"a":0,"k":100,"ix":5},"r":1,"bm":0,"nm":"Fill 1","mn":"ADBE Vector Graphic - Fill","hd":false},{"ty":"tr","p":{"a":0,"k":[190.341,205.911],"ix":2},"a":{"a":0,"k":[0,0],"ix":1},"s":{"a":0,"k":[100,100],"ix":3},"r":{"a":0,"k":0,"ix":6},"o":{"a":0,"k":100,"ix":7},"sk":{"a":0,"k":0,"ix":4},"sa":{"a":0,"k":0,"ix":5},"nm":"Transform"}],"nm":"Group 2","np":2,"cix":2,"bm":0,"ix":2,"mn":"ADBE Vector Group","hd":false},{"ty":"gr","it":[{"ind":0,"ty":"sh","ix":1,"ks":{"a":0,"k":{"i":[[1.703,0.698],[1.02,1.369],[0.055,1.927],[0,0],[-0.643,-0.571],[-1.034,0],[-0.615,0.489],[0,0.865],[0.489,0.476],[0.712,0.308],[1.312,0.391],[1.2,0.586],[0.865,1.146],[0,1.843],[-1.983,1.55],[-3.183,0],[-1.982,-1.55],[-0.141,-2.765],[0,0],[0.643,0.545],[1.006,0],[0.53,-0.461],[0,-0.866],[-0.894,-0.53],[-1.899,-0.614],[-1.188,-0.587],[-0.866,-1.118],[0,-1.76],[0.851,-1.368],[1.619,-0.811],[2.206,0]],"o":[[-1.704,-0.697],[-1.019,-1.368],[0,0],[0.111,1.089],[0.641,0.573],[1.061,0],[0.613,-0.488],[0,-0.727],[-0.489,-0.474],[-0.712,-0.306],[-1.9,-0.586],[-1.201,-0.587],[-0.867,-1.144],[0,-2.737],[1.983,-1.55],[3.24,0],[1.984,1.55],[0,0],[-0.057,-0.95],[-0.643,-0.544],[-0.865,0],[-0.532,0.461],[0,0.95],[0.893,0.531],[1.898,0.643],[1.186,0.586],[0.865,1.117],[0,1.676],[-0.852,1.369],[-1.621,0.81],[-2.15,0]],"v":[[-5.404,14.012],[-9.489,10.913],[-11.101,5.969],[-3.477,5.969],[-2.346,8.462],[0.167,9.322],[2.681,8.587],[3.602,6.557],[2.869,4.755],[1.068,3.581],[-1.969,2.535],[-6.619,0.775],[-9.719,-1.823],[-11.018,-6.305],[-8.044,-12.734],[-0.294,-15.06],[7.539,-12.734],[10.724,-6.262],[2.974,-6.262],[1.926,-8.505],[-0.546,-9.32],[-2.639,-8.63],[-3.435,-6.639],[-2.095,-4.419],[2.094,-2.702],[6.723,-0.858],[9.802,1.698],[11.101,6.012],[9.823,10.577],[6.116,13.845],[0.376,15.06]],"c":true},"ix":2},"nm":"Path 1","mn":"ADBE Vector Shape - Group","hd":false},{"ty":"fl","c":{"a":0,"k":[0.999999940162,0.999999940162,1,1],"ix":4},"o":{"a":0,"k":100,"ix":5},"r":1,"bm":0,"nm":"Fill 1","mn":"ADBE Vector Graphic - Fill","hd":false},{"ty":"tr","p":{"a":0,"k":[165.835,205.848],"ix":2},"a":{"a":0,"k":[0,0],"ix":1},"s":{"a":0,"k":[100,100],"ix":3},"r":{"a":0,"k":0,"ix":6},"o":{"a":0,"k":100,"ix":7},"sk":{"a":0,"k":0,"ix":4},"sa":{"a":0,"k":0,"ix":5},"nm":"Transform"}],"nm":"Group 3","np":2,"cix":2,"bm":0,"ix":3,"mn":"ADBE Vector Group","hd":false},{"ty":"gr","it":[{"ind":0,"ty":"sh","ix":1,"ks":{"a":0,"k":{"i":[[-1.41,1.563],[0,2.569],[1.41,1.55],[2.346,0],[1.411,-1.536],[0,-2.625],[-1.41,-1.55],[-2.374,0]],"o":[[1.41,-1.564],[0,-2.598],[-1.41,-1.55],[-2.374,0],[-1.41,1.536],[0,2.596],[1.411,1.549],[2.346,0]],"v":[[5.676,6.179],[7.792,-0.021],[5.676,-6.242],[0.042,-8.566],[-5.635,-6.263],[-7.75,-0.021],[-5.635,6.201],[0.042,8.525]],"c":true},"ix":2},"nm":"Path 1","mn":"ADBE Vector Shape - Group","hd":false},{"ind":1,"ty":"sh","ix":2,"ks":{"a":0,"k":{"i":[[2.303,1.285],[1.354,2.304],[0,2.877],[-1.355,2.29],[-2.305,1.285],[-2.765,0],[-2.304,-1.285],[-1.327,-2.289],[0,-2.876],[1.34,-2.303],[2.29,-1.284],[2.765,0]],"o":[[-2.305,-1.284],[-1.355,-2.303],[0,-2.876],[1.354,-2.289],[2.303,-1.285],[2.765,0],[2.304,1.285],[1.326,2.29],[0,2.877],[-1.341,2.304],[-2.29,1.285],[-2.765,0]],"v":[[-7.561,13.132],[-13.049,7.749],[-15.081,-0.021],[-13.049,-7.771],[-7.561,-13.133],[0.042,-15.06],[7.645,-13.133],[13.091,-7.771],[15.081,-0.021],[13.07,7.749],[7.624,13.132],[0.042,15.059]],"c":true},"ix":2},"nm":"Path 2","mn":"ADBE Vector Shape - Group","hd":false},{"ty":"mm","mm":1,"nm":"Merge Paths 1","mn":"ADBE Vector Filter - Merge","hd":false},{"ty":"fl","c":{"a":0,"k":[0.999999940162,0.999999940162,1,1],"ix":4},"o":{"a":0,"k":100,"ix":5},"r":1,"bm":0,"nm":"Fill 1","mn":"ADBE Vector Graphic - Fill","hd":false},{"ty":"tr","p":{"a":0,"k":[136.511,205.848],"ix":2},"a":{"a":0,"k":[0,0],"ix":1},"s":{"a":0,"k":[100,100],"ix":3},"r":{"a":0,"k":0,"ix":6},"o":{"a":0,"k":100,"ix":7},"sk":{"a":0,"k":0,"ix":4},"sa":{"a":0,"k":0,"ix":5},"nm":"Transform"}],"nm":"Group 4","np":4,"cix":2,"bm":0,"ix":4,"mn":"ADBE Vector Group","hd":false},{"ty":"gr","it":[{"ind":0,"ty":"sh","ix":1,"ks":{"a":0,"k":{"i":[[0,0],[0,0],[0,0],[0,0],[0,0],[0,0]],"o":[[0,0],[0,0],[0,0],[0,0],[0,0],[0,0]],"v":[[-1.109,9.174],[8.273,9.174],[8.273,14.704],[-8.273,14.704],[-8.273,-14.704],[-1.109,-14.704]],"c":true},"ix":2},"nm":"Path 1","mn":"ADBE Vector Shape - Group","hd":false},{"ty":"fl","c":{"a":0,"k":[0.999999940162,0.999999940162,1,1],"ix":4},"o":{"a":0,"k":100,"ix":5},"r":1,"bm":0,"nm":"Fill 1","mn":"ADBE Vector Graphic - Fill","hd":false},{"ty":"tr","p":{"a":0,"k":[110.937,205.911],"ix":2},"a":{"a":0,"k":[0,0],"ix":1},"s":{"a":0,"k":[100,100],"ix":3},"r":{"a":0,"k":0,"ix":6},"o":{"a":0,"k":100,"ix":7},"sk":{"a":0,"k":0,"ix":4},"sa":{"a":0,"k":0,"ix":5},"nm":"Transform"}],"nm":"Group 5","np":2,"cix":2,"bm":0,"ix":5,"mn":"ADBE Vector Group","hd":false},{"ty":"gr","it":[{"ind":0,"ty":"sh","ix":1,"ks":{"a":0,"k":{"i":[[-1.257,2.276],[-2.248,1.27],[-2.848,0],[-2.486,-1.843],[-0.838,-3.183],[0,0],[1.075,0.644],[1.369,0],[1.368,-1.535],[0,-2.57],[-1.369,-1.536],[-2.206,0],[-1.075,0.642],[-0.587,1.229],[0,0],[2.485,-1.829],[3.491,0],[2.248,1.271],[1.257,2.261],[0,2.904]],"o":[[1.257,-2.276],[2.248,-1.271],[3.491,0],[2.485,1.844],[0,0],[-0.587,-1.228],[-1.075,-0.641],[-2.206,0],[-1.369,1.536],[0,2.569],[1.368,1.536],[1.369,0],[1.075,-0.642],[0,0],[-0.838,3.184],[-2.486,1.83],[-2.848,0],[-2.248,-1.27],[-1.257,-2.263],[0,-2.905]],"v":[[-12.484,-7.749],[-7.227,-13.069],[0.419,-14.976],[9.383,-12.211],[14.368,-4.671],[6.493,-4.671],[4.001,-7.478],[0.335,-8.44],[-5.027,-6.137],[-7.079,0.022],[-5.027,6.18],[0.335,8.483],[4.001,7.52],[6.493,4.713],[14.368,4.713],[9.383,12.232],[0.419,14.976],[-7.227,13.07],[-12.484,7.772],[-14.368,0.022]],"c":true},"ix":2},"nm":"Path 1","mn":"ADBE Vector Shape - Group","hd":false},{"ty":"fl","c":{"a":0,"k":[0.999999940162,0.999999940162,1,1],"ix":4},"o":{"a":0,"k":100,"ix":5},"r":1,"bm":0,"nm":"Fill 1","mn":"ADBE Vector Graphic - Fill","hd":false},{"ty":"tr","p":{"a":0,"k":[83.897,205.848],"ix":2},"a":{"a":0,"k":[0,0],"ix":1},"s":{"a":0,"k":[100,100],"ix":3},"r":{"a":0,"k":0,"ix":6},"o":{"a":0,"k":100,"ix":7},"sk":{"a":0,"k":0,"ix":4},"sa":{"a":0,"k":0,"ix":5},"nm":"Transform"}],"nm":"Group 6","np":2,"cix":2,"bm":0,"ix":6,"mn":"ADBE Vector Group","hd":false},{"ty":"gr","it":[{"ind":0,"ty":"sh","ix":1,"ks":{"a":0,"k":{"i":[[0,0],[0,-4.802],[0,0],[-4.802,0],[0,0],[0,4.802],[0,0],[4.802,0]],"o":[[-4.802,0],[0,0],[0,4.802],[0,0],[4.802,0],[0,0],[0,-4.802],[0,0]],"v":[[-81.042,-39.917],[-89.75,-31.208],[-89.75,31.208],[-81.042,39.917],[81.041,39.917],[89.75,31.208],[89.75,-31.208],[81.041,-39.917]],"c":true},"ix":2},"nm":"Path 1","mn":"ADBE Vector Shape - Group","hd":false},{"ind":1,"ty":"sh","ix":2,"ks":{"a":0,"k":{"i":[[7.007,0],[0,0],[0,7.007],[0,0],[-7.007,0],[0,0],[0,-7.007],[0,0]],"o":[[0,0],[-7.007,0],[0,0],[0,-7.007],[0,0],[7.007,0],[0,0],[0,7.007]],"v":[[81.041,43.917],[-81.042,43.917],[-93.75,31.208],[-93.75,-31.208],[-81.042,-43.917],[81.041,-43.917],[93.75,-31.208],[93.75,31.208]],"c":true},"ix":2},"nm":"Path 2","mn":"ADBE Vector Shape - Group","hd":false},{"ty":"mm","mm":1,"nm":"Merge Paths 1","mn":"ADBE Vector Filter - Merge","hd":false},{"ty":"fl","c":{"a":0,"k":[0.999999940162,0.999999940162,1,1],"ix":4},"o":{"a":0,"k":100,"ix":5},"r":1,"bm":0,"nm":"Fill 1","mn":"ADBE Vector Graphic - Fill","hd":false},{"ty":"tr","p":{"a":0,"k":[150.001,207.811],"ix":2},"a":{"a":0,"k":[0,0],"ix":1},"s":{"a":0,"k":[100,100],"ix":3},"r":{"a":0,"k":0,"ix":6},"o":{"a":0,"k":100,"ix":7},"sk":{"a":0,"k":0,"ix":4},"sa":{"a":0,"k":0,"ix":5},"nm":"Transform"}],"nm":"Group 7","np":4,"cix":2,"bm":0,"ix":7,"mn":"ADBE Vector Group","hd":false},{"ty":"gr","it":[{"ind":0,"ty":"sh","ix":1,"ks":{"a":0,"k":{"i":[[8.25,0],[0,0],[0,8.25],[0,0],[-8.25,0],[0,0],[0,-8.25],[0,0]],"o":[[0,0],[-8.25,0],[0,0],[0,-8.25],[0,0],[8.25,0],[0,0],[0,8.25]],"v":[[85,50],[-85,50],[-100,35],[-100,-35],[-85,-50],[85,-50],[100,-35],[100,35]],"c":true},"ix":2},"nm":"Path 1","mn":"ADBE Vector Shape - Group","hd":false},{"ty":"fl","c":{"a":0,"k":[0.958933153339,0.207689427394,0.394208870682,1],"ix":4},"o":{"a":0,"k":100,"ix":5},"r":1,"bm":0,"nm":"Fill 1","mn":"ADBE Vector Graphic - Fill","hd":false},{"ty":"tr","p":{"a":0,"k":[150,207.81],"ix":2},"a":{"a":0,"k":[0,0],"ix":1},"s":{"a":0,"k":[100,100],"ix":3},"r":{"a":0,"k":0,"ix":6},"o":{"a":0,"k":100,"ix":7},"sk":{"a":0,"k":0,"ix":4},"sa":{"a":0,"k":0,"ix":5},"nm":"Transform"}],"nm":"Group 8","np":2,"cix":2,"bm":0,"ix":8,"mn":"ADBE Vector Group","hd":false},{"ty":"gr","it":[{"ind":0,"ty":"sh","ix":1,"ks":{"a":0,"k":{"i":[[0,7.205],[7.205,0],[0,-7.205],[-7.205,0]],"o":[[0,-7.205],[-7.205,0],[0,7.205],[7.205,0]],"v":[[13.045,0],[0,-13.045],[-13.045,0],[0,13.045]],"c":true},"ix":2},"nm":"Path 1","mn":"ADBE Vector Shape - Group","hd":false},{"ty":"fl","c":{"a":0,"k":[0.12751752068,0.118609073115,0.118609073115,1],"ix":4},"o":{"a":0,"k":100,"ix":5},"r":1,"bm":0,"nm":"Fill 1","mn":"ADBE Vector Graphic - Fill","hd":false},{"ty":"tr","p":{"a":0,"k":[150,55.235],"ix":2},"a":{"a":0,"k":[0,0],"ix":1},"s":{"a":0,"k":[100,100],"ix":3},"r":{"a":0,"k":0,"ix":6},"o":{"a":0,"k":100,"ix":7},"sk":{"a":0,"k":0,"ix":4},"sa":{"a":0,"k":0,"ix":5},"nm":"Transform"}],"nm":"Group 9","np":2,"cix":2,"bm":0,"ix":9,"mn":"ADBE Vector Group","hd":false},{"ty":"gr","it":[{"ind":0,"ty":"sh","ix":1,"ks":{"a":0,"k":{"i":[[0,0],[0,0],[0,0],[0,0],[0,0],[0,0],[0,0],[0,0],[0,0],[0,0]],"o":[[0,0],[0,0],[0,0],[0,0],[0,0],[0,0],[0,0],[0,0],[0,0],[0,0]],"v":[[28.58,-54.32],[28.559,-54.27],[25.8,-48.36],[-23.07,56.43],[-28.58,56.43],[23.04,-54.27],[23.08,-54.35],[24.05,-56.43],[25.8,-55.61],[28.519,-54.35]],"c":true},"ix":2},"nm":"Path 1","mn":"ADBE Vector Shape - Group","hd":false},{"ty":"fl","c":{"a":0,"k":[0.305536726409,0.288656975241,0.288656975241,1],"ix":4},"o":{"a":0,"k":100,"ix":5},"r":1,"bm":0,"nm":"Fill 1","mn":"ADBE Vector Graphic - Fill","hd":false},{"ty":"tr","p":{"a":0,"k":[124.2,111.665],"ix":2},"a":{"a":0,"k":[0,0],"ix":1},"s":{"a":0,"k":[100,100],"ix":3},"r":{"a":0,"k":0,"ix":6},"o":{"a":0,"k":100,"ix":7},"sk":{"a":0,"k":0,"ix":4},"sa":{"a":0,"k":0,"ix":5},"nm":"Transform"}],"nm":"Group 10","np":2,"cix":2,"bm":0,"ix":10,"mn":"ADBE Vector Group","hd":false},{"ty":"gr","it":[{"ind":0,"ty":"sh","ix":1,"ks":{"a":0,"k":{"i":[[0,0],[0,0],[0,0],[0,0],[0,0],[0,0],[0,0],[0,0],[0,0],[0,0],[0,0]],"o":[[0,0],[0,0],[0,0],[0,0],[0,0],[0,0],[0,0],[0,0],[0,0],[0,0],[0,0]],"v":[[28.58,56.43],[23.07,56.43],[-25.8,-48.36],[-28.56,-54.27],[-28.58,-54.32],[-28.52,-54.35],[-25.81,-55.61],[-25.8,-55.61],[-24.05,-56.43],[-23.08,-54.35],[-23.04,-54.27]],"c":true},"ix":2},"nm":"Path 1","mn":"ADBE Vector Shape - Group","hd":false},{"ty":"fl","c":{"a":0,"k":[0.305536726409,0.288656975241,0.288656975241,1],"ix":4},"o":{"a":0,"k":100,"ix":5},"r":1,"bm":0,"nm":"Fill 1","mn":"ADBE Vector Graphic - Fill","hd":false},{"ty":"tr","p":{"a":0,"k":[175.8,111.665],"ix":2},"a":{"a":0,"k":[0,0],"ix":1},"s":{"a":0,"k":[100,100],"ix":3},"r":{"a":0,"k":0,"ix":6},"o":{"a":0,"k":100,"ix":7},"sk":{"a":0,"k":0,"ix":4},"sa":{"a":0,"k":0,"ix":5},"nm":"Transform"}],"nm":"Group 11","np":2,"cix":2,"bm":0,"ix":11,"mn":"ADBE Vector Group","hd":false}],"ip":0,"op":331,"st":0,"bm":0}],"markers":[]}